Using pre-set license
Built from '2022.3/staging' branch; Version is '2022.3.25f1 (530ae0ba3889) revision 5442272'; Using compiler version '192829333'; Build Type 'Release'
OS: 'Windows 11  (10.0.26100) 64bit Core' Language: 'ko' Physical Memory: 32697 MB
BatchMode: 1, IsHumanControllingUs: 0, StartBugReporterOnCrash: 0, Is64bit: 1, IsPro: 1

COMMAND LINE ARGUMENTS:
C:\Program Files\Unity\Hub\Editor\2022.3.25f1\Editor\Unity.exe
-adb2
-batchMode
-noUpm
-name
AssetImportWorker2
-projectPath
C:/Users/admin/Desktop/GameProject1/Game
-logFile
Logs/AssetImportWorker2.log
-srvPort
1738
Successfully changed project path to: C:/Users/admin/Desktop/GameProject1/Game
C:/Users/admin/Desktop/GameProject1/Game
[UnityMemory] Configuration Parameters - Can be set up in boot.config
    "memorysetup-bucket-allocator-granularity=16"
    "memorysetup-bucket-allocator-bucket-count=8"
    "memorysetup-bucket-allocator-block-size=33554432"
    "memorysetup-bucket-allocator-block-count=8"
    "memorysetup-main-allocator-block-size=16777216"
    "memorysetup-thread-allocator-block-size=16777216"
    "memorysetup-gfx-main-allocator-block-size=16777216"
    "memorysetup-gfx-thread-allocator-block-size=16777216"
    "memorysetup-cache-allocator-block-size=4194304"
    "memorysetup-typetree-allocator-block-size=2097152"
    "memorysetup-profiler-bucket-allocator-granularity=16"
    "memorysetup-profiler-bucket-allocator-bucket-count=8"
    "memorysetup-profiler-bucket-allocator-block-size=33554432"
    "memorysetup-profiler-bucket-allocator-block-count=8"
    "memorysetup-profiler-allocator-block-size=16777216"
    "memorysetup-profiler-editor-allocator-block-size=1048576"
    "memorysetup-temp-allocator-size-main=16777216"
    "memorysetup-job-temp-allocator-block-size=2097152"
    "memorysetup-job-temp-allocator-block-size-background=1048576"
    "memorysetup-job-temp-allocator-reduction-small-platforms=262144"
    "memorysetup-allocator-temp-initial-block-size-main=262144"
    "memorysetup-allocator-temp-initial-block-size-worker=262144"
    "memorysetup-temp-allocator-size-background-worker=32768"
    "memorysetup-temp-allocator-size-job-worker=262144"
    "memorysetup-temp-allocator-size-preload-manager=33554432"
    "memorysetup-temp-allocator-size-nav-mesh-worker=65536"
    "memorysetup-temp-allocator-size-audio-worker=65536"
    "memorysetup-temp-allocator-size-cloud-worker=32768"
    "memorysetup-temp-allocator-size-gi-baking-worker=262144"
    "memorysetup-temp-allocator-size-gfx=262144"
Player connection [23124] Host "[IP] 114.204.68.137 [Port] 0 [Flags] 2 [Guid] 697076722 [EditorId] 697076722 [Version] 1048832 [Id] WindowsEditor(7,Áø) [Debug] 1 [PackageName] WindowsEditor [ProjectName] Editor" joined multi-casting on [225.0.0.222:54997]...

Player connection [23124] Host "[IP] 114.204.68.137 [Port] 0 [Flags] 2 [Guid] 697076722 [EditorId] 697076722 [Version] 1048832 [Id] WindowsEditor(7,Áø) [Debug] 1 [PackageName] WindowsEditor [ProjectName] Editor" joined alternative multi-casting on [225.0.0.222:34997]...

[Physics::Module] Initialized MultithreadedJobDispatcher with 15 workers.
Refreshing native plugins compatible for Editor in 11.73 ms, found 3 plugins.
Preloading 0 native plugins for Editor in 0.00 ms.
Initialize engine version: 2022.3.25f1 (530ae0ba3889)
[Subsystems] Discovering subsystems at path C:/Program Files/Unity/Hub/Editor/2022.3.25f1/Editor/Data/Resources/UnitySubsystems
[Subsystems] Discovering subsystems at path C:/Users/admin/Desktop/GameProject1/Game/Assets
GfxDevice: creating device client; threaded=0; jobified=0
Direct3D:
    Version:  Direct3D 11.0 [level 11.1]
    Renderer: NVIDIA GeForce RTX 2060 (ID=0x1e89)
    Vendor:   NVIDIA
    VRAM:     5945 MB
    Driver:   32.0.15.6094
Initialize mono
Mono path[0] = 'C:/Program Files/Unity/Hub/Editor/2022.3.25f1/Editor/Data/Managed'
Mono path[1] = 'C:/Program Files/Unity/Hub/Editor/2022.3.25f1/Editor/Data/MonoBleedingEdge/lib/mono/unityjit-win32'
Mono config path = 'C:/Program Files/Unity/Hub/Editor/2022.3.25f1/Editor/Data/MonoBleedingEdge/etc'
Using monoOptions --debugger-agent=transport=dt_socket,embedding=1,server=y,suspend=n,address=127.0.0.1:56880
Begin MonoManager ReloadAssembly
Registering precompiled unity dll's ...
Register platform support module: C:/Program Files/Unity/Hub/Editor/2022.3.25f1/Editor/Data/PlaybackEngines/WindowsStandaloneSupport/UnityEditor.WindowsStandalone.Extensions.dll
Registered in 0.009442 seconds.
- Loaded All Assemblies, in  0.346 seconds
Native extension for WindowsStandalone target not found
Mono: successfully reloaded assembly
- Finished resetting the current domain, in  0.261 seconds
Domain Reload Profiling: 605ms
	BeginReloadAssembly (112ms)
		ExecutionOrderSort (0ms)
		DisableScriptedObjects (0ms)
		BackupInstance (0ms)
		ReleaseScriptingObjects (0ms)
		CreateAndSetChildDomain (1ms)
	RebuildCommonClasses (34ms)
	RebuildNativeTypeToScriptingClass (10ms)
	initialDomainReloadingComplete (60ms)
	LoadAllAssembliesAndSetupDomain (128ms)
		LoadAssemblies (109ms)
		RebuildTransferFunctionScriptingTraits (0ms)
		AnalyzeDomain (126ms)
			TypeCache.Refresh (124ms)
				TypeCache.ScanAssembly (111ms)
			ScanForSourceGeneratedMonoScriptInfo (0ms)
			ResolveRequiredComponents (0ms)
	FinalizeReload (262ms)
		ReleaseScriptCaches (0ms)
		RebuildScriptCaches (0ms)
		SetupLoadedEditorAssemblies (207ms)
			LogAssemblyErrors (0ms)
			InitializePlatformSupportModulesInManaged (9ms)
			SetLoadedEditorAssemblies (6ms)
			RefreshPlugins (0ms)
			BeforeProcessingInitializeOnLoad (2ms)
			ProcessInitializeOnLoadAttributes (137ms)
			ProcessInitializeOnLoadMethodAttributes (52ms)
			AfterProcessingInitializeOnLoad (0ms)
			EditorAssembliesLoaded (0ms)
		ExecutionOrderSort2 (0ms)
		AwakeInstancesAfterBackupRestoration (0ms)
========================================================================
Worker process is ready to serve import requests
Begin MonoManager ReloadAssembly
Symbol file data-00000216E7D750C0 doesn't match image C:\Users\admin\Desktop\GameProject1\Game\Library\ScriptAssemblies\Unity.Timeline.dll
Symbol file LoadedFromMemory is not a mono symbol file
Symbol file data-00000216E7D750C0 doesn't match image C:\Users\admin\Desktop\GameProject1\Game\Library\ScriptAssemblies\Unity.TestTools.CodeCoverage.Editor.OpenCover.Mono.Reflection.dll
Symbol file LoadedFromMemory is not a mono symbol file
Symbol file data-00000216E8B57E50 doesn't match image C:\Users\admin\Desktop\GameProject1\Game\Library\ScriptAssemblies\UnityEngine.UI.dll
Symbol file LoadedFromMemory is not a mono symbol file
Symbol file data-00000216C5390F50 doesn't match image C:\Users\admin\Desktop\GameProject1\Game\Library\ScriptAssemblies\Unity.EditorCoroutines.Editor.dll
Symbol file LoadedFromMemory is not a mono symbol file
Symbol file data-00000216E7D7D0D0 doesn't match image C:\Users\admin\Desktop\GameProject1\Game\Library\ScriptAssemblies\Unity.VisualScripting.SettingsProvider.Editor.dll
Symbol file LoadedFromMemory is not a mono symbol file
Symbol file data-00000216E8B57E50 doesn't match image C:\Users\admin\Desktop\GameProject1\Game\Library\ScriptAssemblies\Unity.Performance.Profile-Analyzer.Editor.dll
Symbol file LoadedFromMemory is not a mono symbol file
Symbol file data-00000216E7D7D0D0 doesn't match image C:\Users\admin\Desktop\GameProject1\Game\Library\ScriptAssemblies\Unity.TestTools.CodeCoverage.Editor.dll
Symbol file LoadedFromMemory is not a mono symbol file
Symbol file data-00000216E7D7D0D0 doesn't match image C:\Users\admin\Desktop\GameProject1\Game\Library\ScriptAssemblies\Unity.TestTools.CodeCoverage.Editor.OpenCover.Model.dll
Symbol file LoadedFromMemory is not a mono symbol file
Symbol file data-000002170AC73010 doesn't match image C:\Users\admin\Desktop\GameProject1\Game\Library\ScriptAssemblies\Unity.PlasticSCM.Editor.dll
Symbol file LoadedFromMemory is not a mono symbol file
Symbol file data-000002170AC20420 doesn't match image C:\Users\admin\Desktop\GameProject1\Game\Library\ScriptAssemblies\UnityEngine.TestRunner.dll
Symbol file LoadedFromMemory is not a mono symbol file
Symbol file data-00000216E7D7D0D0 doesn't match image C:\Users\admin\Desktop\GameProject1\Game\Library\ScriptAssemblies\Unity.VisualScripting.State.Editor.dll
Symbol file LoadedFromMemory is not a mono symbol file
Symbol file data-00000216E8597010 doesn't match image C:\Users\admin\Desktop\GameProject1\Game\Library\ScriptAssemblies\Unity.Timeline.Editor.dll
Symbol file LoadedFromMemory is not a mono symbol file
Symbol file data-000002170A68EE20 doesn't match image C:\Users\admin\Desktop\GameProject1\Game\Library\ScriptAssemblies\Unity.Settings.Editor.dll
Symbol file LoadedFromMemory is not a mono symbol file
Symbol file data-00000216E7D874E0 doesn't match image C:\Users\admin\Desktop\GameProject1\Game\Library\ScriptAssemblies\Unity.VisualScripting.Shared.Editor.dll
Symbol file LoadedFromMemory is not a mono symbol file
Symbol file data-000002170AC8B820 doesn't match image C:\Users\admin\Desktop\GameProject1\Game\Library\ScriptAssemblies\Unity.VisualStudio.Editor.dll
Symbol file LoadedFromMemory is not a mono symbol file
Symbol file data-00000216E7D874E0 doesn't match image C:\Users\admin\Desktop\GameProject1\Game\Library\ScriptAssemblies\Unity.CollabProxy.Editor.dll
Symbol file LoadedFromMemory is not a mono symbol file
Symbol file data-000002170AC8B820 doesn't match image C:\Users\admin\Desktop\GameProject1\Game\Library\ScriptAssemblies\Unity.TextMeshPro.dll
Symbol file LoadedFromMemory is not a mono symbol file
Symbol file data-000002170AC8B820 doesn't match image C:\Users\admin\Desktop\GameProject1\Game\Library\ScriptAssemblies\Unity.VisualScripting.Core.dll
Symbol file LoadedFromMemory is not a mono symbol file
Symbol file data-00000216E8C78010 doesn't match image C:\Users\admin\Desktop\GameProject1\Game\Library\ScriptAssemblies\Unity.TextMeshPro.Editor.dll
Symbol file LoadedFromMemory is not a mono symbol file
Symbol file data-000002170ACC4230 doesn't match image C:\Users\admin\Desktop\GameProject1\Game\Library\ScriptAssemblies\UnityEditor.UI.dll
Symbol file LoadedFromMemory is not a mono symbol file
Symbol file data-00000216E8C8FE20 doesn't match image C:\Users\admin\Desktop\GameProject1\Game\Library\ScriptAssemblies\Unity.VisualScripting.Core.Editor.dll
Symbol file LoadedFromMemory is not a mono symbol file
Symbol file data-00000216E8CA2630 doesn't match image C:\Users\admin\Desktop\GameProject1\Game\Library\ScriptAssemblies\Unity.Rider.Editor.dll
Symbol file LoadedFromMemory is not a mono symbol file
Symbol file data-00000216E8CA2630 doesn't match image C:\Users\admin\Desktop\GameProject1\Game\Library\ScriptAssemblies\Unity.VisualScripting.State.dll
Symbol file LoadedFromMemory is not a mono symbol file
Symbol file data-00000216E8CAE440 doesn't match image C:\Users\admin\Desktop\GameProject1\Game\Library\ScriptAssemblies\Unity.VSCode.Editor.dll
Symbol file LoadedFromMemory is not a mono symbol file
Symbol file data-00000216E88DC960 doesn't match image C:\Users\admin\Desktop\GameProject1\Game\Library\ScriptAssemblies\UnityEditor.TestRunner.dll
Symbol file LoadedFromMemory is not a mono symbol file
Symbol file data-000002170A9BC010 doesn't match image C:\Users\admin\Desktop\GameProject1\Game\Library\ScriptAssemblies\Unity.VisualScripting.Flow.dll
Symbol file LoadedFromMemory is not a mono symbol file
Symbol file data-000002170AA0EE20 doesn't match image C:\Users\admin\Desktop\GameProject1\Game\Library\ScriptAssemblies\Unity.VisualScripting.Flow.Editor.dll
Symbol file LoadedFromMemory is not a mono symbol file
- Loaded All Assemblies, in  0.592 seconds
Refreshing native plugins compatible for Editor in 5.27 ms, found 3 plugins.
Native extension for WindowsStandalone target not found
Mono: successfully reloaded assembly
- Finished resetting the current domain, in  0.507 seconds
Domain Reload Profiling: 1096ms
	BeginReloadAssembly (146ms)
		ExecutionOrderSort (0ms)
		DisableScriptedObjects (5ms)
		BackupInstance (0ms)
		ReleaseScriptingObjects (0ms)
		CreateAndSetChildDomain (20ms)
	RebuildCommonClasses (32ms)
	RebuildNativeTypeToScriptingClass (10ms)
	initialDomainReloadingComplete (42ms)
	LoadAllAssembliesAndSetupDomain (358ms)
		LoadAssemblies (282ms)
		RebuildTransferFunctionScriptingTraits (0ms)
		AnalyzeDomain (163ms)
			TypeCache.Refresh (145ms)
				TypeCache.ScanAssembly (132ms)
			ScanForSourceGeneratedMonoScriptInfo (12ms)
			ResolveRequiredComponents (5ms)
	FinalizeReload (508ms)
		ReleaseScriptCaches (0ms)
		RebuildScriptCaches (0ms)
		SetupLoadedEditorAssemblies (369ms)
			LogAssemblyErrors (0ms)
			InitializePlatformSupportModulesInManaged (7ms)
			SetLoadedEditorAssemblies (3ms)
			RefreshPlugins (0ms)
			BeforeProcessingInitializeOnLoad (56ms)
			ProcessInitializeOnLoadAttributes (275ms)
			ProcessInitializeOnLoadMethodAttributes (18ms)
			AfterProcessingInitializeOnLoad (10ms)
			EditorAssembliesLoaded (0ms)
		ExecutionOrderSort2 (0ms)
		AwakeInstancesAfterBackupRestoration (13ms)
Launched and connected shader compiler UnityShaderCompiler.exe after 0.05 seconds
Refreshing native plugins compatible for Editor in 5.26 ms, found 3 plugins.
Preloading 0 native plugins for Editor in 0.00 ms.
Unloading 3136 Unused Serialized files (Serialized files now loaded: 0)
Unloading 34 unused Assets / (57.5 KB). Loaded Objects now: 3599.
Memory consumption went from 127.0 MB to 126.9 MB.
Total: 2.854000 ms (FindLiveObjects: 0.277300 ms CreateObjectMapping: 0.082200 ms MarkObjects: 2.378000 ms  DeleteObjects: 0.115500 ms)

AssetImportParameters requested are different than current active one (requested -> active):
  custom:container-demuxer-ogg: 62fdf1f143b41e24485cea50d1cbac27 -> 
  custom:video-decoder-ogg-theora: a1e56fd34408186e4bbccfd4996cb3dc -> 
  custom:framework-win-MediaFoundation: 216162199b28c13a410421893ffa2e32 -> 
  custom:CustomObjectIndexerAttribute: 9a22284fe3817be447336de3de66b15e -> 
  custom:container-demuxer-webm: 4f35f7cbe854078d1ac9338744f61a02 -> 
  custom:container-muxer-webm: aa71ff27fc2769a1b78a27578f13a17b -> 
  custom:video-decoder-webm-vp8: 9c59270c3fd7afecdb556c50c9e8de78 -> 
  custom:SearchIndexIgnoredProperties: e643bd26f0fe6173181afceb89e7c659 -> 
  custom:AudioImporter_EditorPlatform: d09bf68614088b80899f8185d706f6e7 -> 
  custom:video-encoder-webm-vp8: eb34c28f22e8b96e1ab97ce403110664 -> 
  custom:audio-decoder-ogg-vorbis: bf7c407c2cedff20999df2af8eb42d56 -> 
  custom:audio-encoder-webm-vorbis: bf7c407c2cedff20999df2af8eb42d56 -> 
========================================================================
Received Import Request.
  Time since last request: 2520.697990 seconds.
  path: Assets/Clas10th (Instantiate & Destroy)/LowPolyWeapons/Prefabs/Knife.prefab
  artifactKey: Guid(c1ab9abedc9d80f4a9109fe99b4ea8d4) Importer(815301076,1909f56bfc062723c751e8b465ee728b)
Start importing Assets/Clas10th (Instantiate & Destroy)/LowPolyWeapons/Prefabs/Knife.prefab using Guid(c1ab9abedc9d80f4a9109fe99b4ea8d4) Importer(815301076,1909f56bfc062723c751e8b465ee728b)  -> (artifact id: '0facc6d8d80b4053b2d6a6a943294a03') in 0.096214 seconds
Number of updated asset objects reloaded before import = 0
Number of asset objects unloaded after import = 10
========================================================================
Received Import Request.
  Time since last request: 6.550169 seconds.
  path: Assets/Clas10th (Instantiate & Destroy)/LowPolyWeapons/Prefabs/Rifle.prefab
  artifactKey: Guid(260ff1508afea5241b6511d8fbe92201) Importer(815301076,1909f56bfc062723c751e8b465ee728b)
Start importing Assets/Clas10th (Instantiate & Destroy)/LowPolyWeapons/Prefabs/Rifle.prefab using Guid(260ff1508afea5241b6511d8fbe92201) Importer(815301076,1909f56bfc062723c751e8b465ee728b)  -> (artifact id: '556f6ea3371c9106b51757bd71a344d8') in 0.011218 seconds
Number of updated asset objects reloaded before import = 0
Number of asset objects unloaded after import = 48
========================================================================
Received Import Request.
  Time since last request: 4.441902 seconds.
  path: Assets/Clas10th (Instantiate & Destroy)/LowPolyWeapons/Prefabs/Pistol.prefab
  artifactKey: Guid(a35b8c32acba1334b9b31dfe8cdbc9be) Importer(815301076,1909f56bfc062723c751e8b465ee728b)
Start importing Assets/Clas10th (Instantiate & Destroy)/LowPolyWeapons/Prefabs/Pistol.prefab using Guid(a35b8c32acba1334b9b31dfe8cdbc9be) Importer(815301076,1909f56bfc062723c751e8b465ee728b)  -> (artifact id: '1c85e5bcd25ade358d0b2de8cff0aa74') in 0.009465 seconds
Number of updated asset objects reloaded before import = 0
Number of asset objects unloaded after import = 30
========================================================================
Received Import Request.
  Time since last request: 17.677782 seconds.
  path: Assets/Clas10th (Instantiate & Destroy)/LowPolyWeapons/Prefabs/Revolver.prefab
  artifactKey: Guid(a35b8c32acba1334b9b31dfe8cdbc9be) Importer(815301076,1909f56bfc062723c751e8b465ee728b)
Start importing Assets/Clas10th (Instantiate & Destroy)/LowPolyWeapons/Prefabs/Revolver.prefab using Guid(a35b8c32acba1334b9b31dfe8cdbc9be) Importer(815301076,1909f56bfc062723c751e8b465ee728b)  -> (artifact id: 'eb24d8a3f547bc1476d36ca86bfe2a65') in 0.009219 seconds
Number of updated asset objects reloaded before import = 0
Number of asset objects unloaded after import = 30
========================================================================
Received Import Request.
  Time since last request: 395.162063 seconds.
  path: Assets/Clas10th (Instantiate & Destroy)/LowPolyWeapons/Prefabs/Rifle.prefab
  artifactKey: Guid(260ff1508afea5241b6511d8fbe92201) Importer(815301076,1909f56bfc062723c751e8b465ee728b)
Start importing Assets/Clas10th (Instantiate & Destroy)/LowPolyWeapons/Prefabs/Rifle.prefab using Guid(260ff1508afea5241b6511d8fbe92201) Importer(815301076,1909f56bfc062723c751e8b465ee728b)  -> (artifact id: 'c97b02793213d028444fc11d6ac44dd3') in 0.010570 seconds
Number of updated asset objects reloaded before import = 0
Number of asset objects unloaded after import = 48
========================================================================
Received Import Request.
  Time since last request: 41.308183 seconds.
  path: Assets/Clas10th (Instantiate & Destroy)/LowPolyWeapons/Prefabs/Revolver.prefab
  artifactKey: Guid(a35b8c32acba1334b9b31dfe8cdbc9be) Importer(815301076,1909f56bfc062723c751e8b465ee728b)
Start importing Assets/Clas10th (Instantiate & Destroy)/LowPolyWeapons/Prefabs/Revolver.prefab using Guid(a35b8c32acba1334b9b31dfe8cdbc9be) Importer(815301076,1909f56bfc062723c751e8b465ee728b)  -> (artifact id: '73f2557c28bb9ea15ee221609293ab08') in 0.009524 seconds
Number of updated asset objects reloaded before import = 0
Number of asset objects unloaded after import = 30
========================================================================
Received Import Request.
  Time since last request: 150.960370 seconds.
  path: Assets/Clas10th (Instantiate & Destroy)/LowPolyWeapons/Prefabs/Knife.prefab
  artifactKey: Guid(c1ab9abedc9d80f4a9109fe99b4ea8d4) Importer(815301076,1909f56bfc062723c751e8b465ee728b)
Start importing Assets/Clas10th (Instantiate & Destroy)/LowPolyWeapons/Prefabs/Knife.prefab using Guid(c1ab9abedc9d80f4a9109fe99b4ea8d4) Importer(815301076,1909f56bfc062723c751e8b465ee728b)  -> (artifact id: '97bc31976e7f35343ccf2207b20cc722') in 0.009930 seconds
Number of updated asset objects reloaded before import = 0
Number of asset objects unloaded after import = 10
========================================================================
Received Import Request.
  Time since last request: 1.791391 seconds.
  path: Assets/Clas10th (Instantiate & Destroy)/LowPolyWeapons/Prefabs/Knife.prefab
  artifactKey: Guid(c1ab9abedc9d80f4a9109fe99b4ea8d4) Importer(815301076,1909f56bfc062723c751e8b465ee728b)
Start importing Assets/Clas10th (Instantiate & Destroy)/LowPolyWeapons/Prefabs/Knife.prefab using Guid(c1ab9abedc9d80f4a9109fe99b4ea8d4) Importer(815301076,1909f56bfc062723c751e8b465ee728b)  -> (artifact id: '51e9f3f83ad7476dcc38d700588b30ef') in 0.008322 seconds
Number of updated asset objects reloaded before import = 0
Number of asset objects unloaded after import = 10
========================================================================
Received Prepare
Begin MonoManager ReloadAssembly
Symbol file data-00000216E83D1840 doesn't match image C:\Users\admin\Desktop\GameProject1\Game\Library\ScriptAssemblies\Unity.Timeline.dll
Symbol file LoadedFromMemory is not a mono symbol file
Symbol file data-000002170A498E40 doesn't match image C:\Users\admin\Desktop\GameProject1\Game\Library\ScriptAssemblies\Unity.TestTools.CodeCoverage.Editor.OpenCover.Mono.Reflection.dll
Symbol file LoadedFromMemory is not a mono symbol file
Symbol file data-00000216E7EB8030 doesn't match image C:\Users\admin\Desktop\GameProject1\Game\Library\ScriptAssemblies\UnityEngine.UI.dll
Symbol file LoadedFromMemory is not a mono symbol file
Symbol file data-000002170A498E40 doesn't match image C:\Users\admin\Desktop\GameProject1\Game\Library\ScriptAssemblies\Unity.EditorCoroutines.Editor.dll
Symbol file LoadedFromMemory is not a mono symbol file
Symbol file data-000002170A498E40 doesn't match image C:\Users\admin\Desktop\GameProject1\Game\Library\ScriptAssemblies\Unity.VisualScripting.SettingsProvider.Editor.dll
Symbol file LoadedFromMemory is not a mono symbol file
Symbol file data-000002170B6D2020 doesn't match image C:\Users\admin\Desktop\GameProject1\Game\Library\ScriptAssemblies\Unity.Performance.Profile-Analyzer.Editor.dll
Symbol file LoadedFromMemory is not a mono symbol file
Symbol file data-000002170BAAD010 doesn't match image C:\Users\admin\Desktop\GameProject1\Game\Library\ScriptAssemblies\Unity.TestTools.CodeCoverage.Editor.dll
Symbol file LoadedFromMemory is not a mono symbol file
Symbol file data-000002170BAAD010 doesn't match image C:\Users\admin\Desktop\GameProject1\Game\Library\ScriptAssemblies\Unity.TestTools.CodeCoverage.Editor.OpenCover.Model.dll
Symbol file LoadedFromMemory is not a mono symbol file
Symbol file data-000002170A7D2010 doesn't match image C:\Users\admin\Desktop\GameProject1\Game\Library\ScriptAssemblies\Unity.PlasticSCM.Editor.dll
Symbol file LoadedFromMemory is not a mono symbol file
Symbol file data-0000021712F82020 doesn't match image C:\Users\admin\Desktop\GameProject1\Game\Library\ScriptAssemblies\UnityEngine.TestRunner.dll
Symbol file LoadedFromMemory is not a mono symbol file
Symbol file data-000002170BAAD010 doesn't match image C:\Users\admin\Desktop\GameProject1\Game\Library\ScriptAssemblies\Unity.VisualScripting.State.Editor.dll
Symbol file LoadedFromMemory is not a mono symbol file
Symbol file data-0000021713064020 doesn't match image C:\Users\admin\Desktop\GameProject1\Game\Library\ScriptAssemblies\Unity.Timeline.Editor.dll
Symbol file LoadedFromMemory is not a mono symbol file
Symbol file data-000002170B7C4060 doesn't match image C:\Users\admin\Desktop\GameProject1\Game\Library\ScriptAssemblies\Unity.Settings.Editor.dll
Symbol file LoadedFromMemory is not a mono symbol file
Symbol file data-000002170BAB7420 doesn't match image C:\Users\admin\Desktop\GameProject1\Game\Library\ScriptAssemblies\Unity.VisualScripting.Shared.Editor.dll
Symbol file LoadedFromMemory is not a mono symbol file
Symbol file data-000002170B7C4060 doesn't match image C:\Users\admin\Desktop\GameProject1\Game\Library\ScriptAssemblies\Unity.VisualStudio.Editor.dll
Symbol file LoadedFromMemory is not a mono symbol file
Symbol file data-000002170BAB7420 doesn't match image C:\Users\admin\Desktop\GameProject1\Game\Library\ScriptAssemblies\Unity.CollabProxy.Editor.dll
Symbol file LoadedFromMemory is not a mono symbol file
Symbol file data-000002170AAE3DF0 doesn't match image C:\Users\admin\Desktop\GameProject1\Game\Library\ScriptAssemblies\Unity.TextMeshPro.dll
Symbol file LoadedFromMemory is not a mono symbol file
Symbol file data-0000021712F38040 doesn't match image C:\Users\admin\Desktop\GameProject1\Game\Library\ScriptAssemblies\Unity.VisualScripting.Core.dll
Symbol file LoadedFromMemory is not a mono symbol file
Symbol file data-000002170C2E1E30 doesn't match image C:\Users\admin\Desktop\GameProject1\Game\Library\ScriptAssemblies\Unity.TextMeshPro.Editor.dll
Symbol file LoadedFromMemory is not a mono symbol file
Symbol file data-000002170B7C4060 doesn't match image C:\Users\admin\Desktop\GameProject1\Game\Library\ScriptAssemblies\UnityEditor.UI.dll
Symbol file LoadedFromMemory is not a mono symbol file
Symbol file data-0000021713996570 doesn't match image C:\Users\admin\Desktop\GameProject1\Game\Library\ScriptAssemblies\Unity.VisualScripting.Core.Editor.dll
Symbol file LoadedFromMemory is not a mono symbol file
Symbol file data-000002170B7C4060 doesn't match image C:\Users\admin\Desktop\GameProject1\Game\Library\ScriptAssemblies\Unity.Rider.Editor.dll
Symbol file LoadedFromMemory is not a mono symbol file
Symbol file data-000002170B7C4060 doesn't match image C:\Users\admin\Desktop\GameProject1\Game\Library\ScriptAssemblies\Unity.VisualScripting.State.dll
Symbol file LoadedFromMemory is not a mono symbol file
Symbol file data-00000216E861F020 doesn't match image C:\Users\admin\Desktop\GameProject1\Game\Library\ScriptAssemblies\Unity.VSCode.Editor.dll
Symbol file LoadedFromMemory is not a mono symbol file
Symbol file data-00000217149CB8F0 doesn't match image C:\Users\admin\Desktop\GameProject1\Game\Library\ScriptAssemblies\UnityEditor.TestRunner.dll
Symbol file LoadedFromMemory is not a mono symbol file
Symbol file data-000002170AFB4020 doesn't match image C:\Users\admin\Desktop\GameProject1\Game\Library\ScriptAssemblies\Unity.VisualScripting.Flow.dll
Symbol file LoadedFromMemory is not a mono symbol file
Symbol file data-000002170A825030 doesn't match image C:\Users\admin\Desktop\GameProject1\Game\Library\ScriptAssemblies\Unity.VisualScripting.Flow.Editor.dll
Symbol file LoadedFromMemory is not a mono symbol file
- Loaded All Assemblies, in  0.526 seconds
Refreshing native plugins compatible for Editor in 7.91 ms, found 3 plugins.
Native extension for WindowsStandalone target not found
Mono: successfully reloaded assembly
- Finished resetting the current domain, in  1.394 seconds
Domain Reload Profiling: 1916ms
	BeginReloadAssembly (176ms)
		ExecutionOrderSort (0ms)
		DisableScriptedObjects (7ms)
		BackupInstance (0ms)
		ReleaseScriptingObjects (0ms)
		CreateAndSetChildDomain (37ms)
	RebuildCommonClasses (38ms)
	RebuildNativeTypeToScriptingClass (15ms)
	initialDomainReloadingComplete (42ms)
	LoadAllAssembliesAndSetupDomain (250ms)
		LoadAssemblies (326ms)
		RebuildTransferFunctionScriptingTraits (0ms)
		AnalyzeDomain (24ms)
			TypeCache.Refresh (9ms)
				TypeCache.ScanAssembly (0ms)
			ScanForSourceGeneratedMonoScriptInfo (7ms)
			ResolveRequiredComponents (6ms)
	FinalizeReload (1395ms)
		ReleaseScriptCaches (0ms)
		RebuildScriptCaches (0ms)
		SetupLoadedEditorAssemblies (412ms)
			LogAssemblyErrors (0ms)
			InitializePlatformSupportModulesInManaged (9ms)
			SetLoadedEditorAssemblies (4ms)
			RefreshPlugins (0ms)
			BeforeProcessingInitializeOnLoad (67ms)
			ProcessInitializeOnLoadAttributes (293ms)
			ProcessInitializeOnLoadMethodAttributes (23ms)
			AfterProcessingInitializeOnLoad (16ms)
			EditorAssembliesLoaded (0ms)
		ExecutionOrderSort2 (0ms)
		AwakeInstancesAfterBackupRestoration (19ms)
Refreshing native plugins compatible for Editor in 5.35 ms, found 3 plugins.
Preloading 0 native plugins for Editor in 0.00 ms.
Unloading 3128 Unused Serialized files (Serialized files now loaded: 0)
Unloading 25 unused Assets / (31.6 KB). Loaded Objects now: 3610.
Memory consumption went from 132.3 MB to 132.2 MB.
Total: 3.351600 ms (FindLiveObjects: 0.299900 ms CreateObjectMapping: 0.077200 ms MarkObjects: 2.908600 ms  DeleteObjects: 0.064800 ms)

Prepare: number of updated asset objects reloaded= 0
AssetImportParameters requested are different than current active one (requested -> active):
  custom:container-demuxer-ogg: 62fdf1f143b41e24485cea50d1cbac27 -> 
  custom:video-decoder-ogg-theora: a1e56fd34408186e4bbccfd4996cb3dc -> 
  custom:framework-win-MediaFoundation: 216162199b28c13a410421893ffa2e32 -> 
  custom:CustomObjectIndexerAttribute: 9a22284fe3817be447336de3de66b15e -> 
  custom:container-demuxer-webm: 4f35f7cbe854078d1ac9338744f61a02 -> 
  custom:container-muxer-webm: aa71ff27fc2769a1b78a27578f13a17b -> 
  custom:video-decoder-webm-vp8: 9c59270c3fd7afecdb556c50c9e8de78 -> 
  custom:SearchIndexIgnoredProperties: e643bd26f0fe6173181afceb89e7c659 -> 
  custom:AudioImporter_EditorPlatform: d09bf68614088b80899f8185d706f6e7 -> 
  custom:video-encoder-webm-vp8: eb34c28f22e8b96e1ab97ce403110664 -> 
  custom:audio-decoder-ogg-vorbis: bf7c407c2cedff20999df2af8eb42d56 -> 
  custom:audio-encoder-webm-vorbis: bf7c407c2cedff20999df2af8eb42d56 -> 
========================================================================
Received Prepare
Begin MonoManager ReloadAssembly
Symbol file data-00000216E83D1840 doesn't match image C:\Users\admin\Desktop\GameProject1\Game\Library\ScriptAssemblies\Unity.Timeline.dll
Symbol file LoadedFromMemory is not a mono symbol file
Symbol file data-0000021714025460 doesn't match image C:\Users\admin\Desktop\GameProject1\Game\Library\ScriptAssemblies\Unity.TestTools.CodeCoverage.Editor.OpenCover.Mono.Reflection.dll
Symbol file LoadedFromMemory is not a mono symbol file
Symbol file data-0000021712FAA030 doesn't match image C:\Users\admin\Desktop\GameProject1\Game\Library\ScriptAssemblies\UnityEngine.UI.dll
Symbol file LoadedFromMemory is not a mono symbol file
Symbol file data-0000021714025460 doesn't match image C:\Users\admin\Desktop\GameProject1\Game\Library\ScriptAssemblies\Unity.EditorCoroutines.Editor.dll
Symbol file LoadedFromMemory is not a mono symbol file
Symbol file data-00000216E83C6030 doesn't match image C:\Users\admin\Desktop\GameProject1\Game\Library\ScriptAssemblies\Unity.VisualScripting.SettingsProvider.Editor.dll
Symbol file LoadedFromMemory is not a mono symbol file
Symbol file data-000002170B6D2020 doesn't match image C:\Users\admin\Desktop\GameProject1\Game\Library\ScriptAssemblies\Unity.Performance.Profile-Analyzer.Editor.dll
Symbol file LoadedFromMemory is not a mono symbol file
Symbol file data-0000021712E5A020 doesn't match image C:\Users\admin\Desktop\GameProject1\Game\Library\ScriptAssemblies\Unity.TestTools.CodeCoverage.Editor.dll
Symbol file LoadedFromMemory is not a mono symbol file
Symbol file data-0000021712E5A020 doesn't match image C:\Users\admin\Desktop\GameProject1\Game\Library\ScriptAssemblies\Unity.TestTools.CodeCoverage.Editor.OpenCover.Model.dll
Symbol file LoadedFromMemory is not a mono symbol file
Symbol file data-000002170A7D2010 doesn't match image C:\Users\admin\Desktop\GameProject1\Game\Library\ScriptAssemblies\Unity.PlasticSCM.Editor.dll
Symbol file LoadedFromMemory is not a mono symbol file
Symbol file data-000002170ABA6030 doesn't match image C:\Users\admin\Desktop\GameProject1\Game\Library\ScriptAssemblies\UnityEngine.TestRunner.dll
Symbol file LoadedFromMemory is not a mono symbol file
Symbol file data-0000021712E5A020 doesn't match image C:\Users\admin\Desktop\GameProject1\Game\Library\ScriptAssemblies\Unity.VisualScripting.State.Editor.dll
Symbol file LoadedFromMemory is not a mono symbol file
Symbol file data-0000021775674280 doesn't match image C:\Users\admin\Desktop\GameProject1\Game\Library\ScriptAssemblies\Unity.Timeline.Editor.dll
Symbol file LoadedFromMemory is not a mono symbol file
Symbol file data-000002170B7C4060 doesn't match image C:\Users\admin\Desktop\GameProject1\Game\Library\ScriptAssemblies\Unity.Settings.Editor.dll
Symbol file LoadedFromMemory is not a mono symbol file
Symbol file data-0000021712E64430 doesn't match image C:\Users\admin\Desktop\GameProject1\Game\Library\ScriptAssemblies\Unity.VisualScripting.Shared.Editor.dll
Symbol file LoadedFromMemory is not a mono symbol file
Symbol file data-000002171412C020 doesn't match image C:\Users\admin\Desktop\GameProject1\Game\Library\ScriptAssemblies\Unity.VisualStudio.Editor.dll
Symbol file LoadedFromMemory is not a mono symbol file
Symbol file data-0000021712E64430 doesn't match image C:\Users\admin\Desktop\GameProject1\Game\Library\ScriptAssemblies\Unity.CollabProxy.Editor.dll
Symbol file LoadedFromMemory is not a mono symbol file
Symbol file data-000002170A475030 doesn't match image C:\Users\admin\Desktop\GameProject1\Game\Library\ScriptAssemblies\Unity.TextMeshPro.dll
Symbol file LoadedFromMemory is not a mono symbol file
Symbol file data-000002170AB44040 doesn't match image C:\Users\admin\Desktop\GameProject1\Game\Library\ScriptAssemblies\Unity.VisualScripting.Core.dll
Symbol file LoadedFromMemory is not a mono symbol file
Symbol file data-0000021712E31D90 doesn't match image C:\Users\admin\Desktop\GameProject1\Game\Library\ScriptAssemblies\Unity.TextMeshPro.Editor.dll
Symbol file LoadedFromMemory is not a mono symbol file
Symbol file data-000002171412C020 doesn't match image C:\Users\admin\Desktop\GameProject1\Game\Library\ScriptAssemblies\UnityEditor.UI.dll
Symbol file LoadedFromMemory is not a mono symbol file
Symbol file data-00000216E7FFF020 doesn't match image C:\Users\admin\Desktop\GameProject1\Game\Library\ScriptAssemblies\Unity.VisualScripting.Core.Editor.dll
Symbol file LoadedFromMemory is not a mono symbol file
Symbol file data-000002171412C020 doesn't match image C:\Users\admin\Desktop\GameProject1\Game\Library\ScriptAssemblies\Unity.Rider.Editor.dll
Symbol file LoadedFromMemory is not a mono symbol file
Symbol file data-000002170B7C4060 doesn't match image C:\Users\admin\Desktop\GameProject1\Game\Library\ScriptAssemblies\Unity.VisualScripting.State.dll
Symbol file LoadedFromMemory is not a mono symbol file
Symbol file data-000002170B7C4060 doesn't match image C:\Users\admin\Desktop\GameProject1\Game\Library\ScriptAssemblies\Unity.VSCode.Editor.dll
Symbol file LoadedFromMemory is not a mono symbol file
Symbol file data-00000216E7DBF590 doesn't match image C:\Users\admin\Desktop\GameProject1\Game\Library\ScriptAssemblies\UnityEditor.TestRunner.dll
Symbol file LoadedFromMemory is not a mono symbol file
Symbol file data-00000216C5208240 doesn't match image C:\Users\admin\Desktop\GameProject1\Game\Library\ScriptAssemblies\Unity.VisualScripting.Flow.dll
Symbol file LoadedFromMemory is not a mono symbol file
Symbol file data-000002170BE11C30 doesn't match image C:\Users\admin\Desktop\GameProject1\Game\Library\ScriptAssemblies\Unity.VisualScripting.Flow.Editor.dll
Symbol file LoadedFromMemory is not a mono symbol file
- Loaded All Assemblies, in  0.535 seconds
Refreshing native plugins compatible for Editor in 7.25 ms, found 3 plugins.
Native extension for WindowsStandalone target not found
Mono: successfully reloaded assembly
- Finished resetting the current domain, in  1.062 seconds
Domain Reload Profiling: 1592ms
	BeginReloadAssembly (178ms)
		ExecutionOrderSort (0ms)
		DisableScriptedObjects (5ms)
		BackupInstance (0ms)
		ReleaseScriptingObjects (0ms)
		CreateAndSetChildDomain (33ms)
	RebuildCommonClasses (39ms)
	RebuildNativeTypeToScriptingClass (11ms)
	initialDomainReloadingComplete (39ms)
	LoadAllAssembliesAndSetupDomain (262ms)
		LoadAssemblies (340ms)
		RebuildTransferFunctionScriptingTraits (0ms)
		AnalyzeDomain (25ms)
			TypeCache.Refresh (9ms)
				TypeCache.ScanAssembly (0ms)
			ScanForSourceGeneratedMonoScriptInfo (8ms)
			ResolveRequiredComponents (5ms)
	FinalizeReload (1063ms)
		ReleaseScriptCaches (0ms)
		RebuildScriptCaches (0ms)
		SetupLoadedEditorAssemblies (379ms)
			LogAssemblyErrors (0ms)
			InitializePlatformSupportModulesInManaged (8ms)
			SetLoadedEditorAssemblies (4ms)
			RefreshPlugins (0ms)
			BeforeProcessingInitializeOnLoad (67ms)
			ProcessInitializeOnLoadAttributes (267ms)
			ProcessInitializeOnLoadMethodAttributes (22ms)
			AfterProcessingInitializeOnLoad (12ms)
			EditorAssembliesLoaded (0ms)
		ExecutionOrderSort2 (0ms)
		AwakeInstancesAfterBackupRestoration (15ms)
Refreshing native plugins compatible for Editor in 5.13 ms, found 3 plugins.
Preloading 0 native plugins for Editor in 0.00 ms.
Unloading 3129 Unused Serialized files (Serialized files now loaded: 0)
Unloading 25 unused Assets / (31.6 KB). Loaded Objects now: 3613.
Memory consumption went from 134.5 MB to 134.4 MB.
Total: 2.639500 ms (FindLiveObjects: 0.288400 ms CreateObjectMapping: 0.088200 ms MarkObjects: 2.206600 ms  DeleteObjects: 0.055300 ms)

Prepare: number of updated asset objects reloaded= 0
AssetImportParameters requested are different than current active one (requested -> active):
  custom:container-demuxer-ogg: 62fdf1f143b41e24485cea50d1cbac27 -> 
  custom:video-decoder-ogg-theora: a1e56fd34408186e4bbccfd4996cb3dc -> 
  custom:framework-win-MediaFoundation: 216162199b28c13a410421893ffa2e32 -> 
  custom:CustomObjectIndexerAttribute: 9a22284fe3817be447336de3de66b15e -> 
  custom:container-demuxer-webm: 4f35f7cbe854078d1ac9338744f61a02 -> 
  custom:container-muxer-webm: aa71ff27fc2769a1b78a27578f13a17b -> 
  custom:video-decoder-webm-vp8: 9c59270c3fd7afecdb556c50c9e8de78 -> 
  custom:SearchIndexIgnoredProperties: e643bd26f0fe6173181afceb89e7c659 -> 
  custom:AudioImporter_EditorPlatform: d09bf68614088b80899f8185d706f6e7 -> 
  custom:video-encoder-webm-vp8: eb34c28f22e8b96e1ab97ce403110664 -> 
  custom:audio-decoder-ogg-vorbis: bf7c407c2cedff20999df2af8eb42d56 -> 
  custom:audio-encoder-webm-vorbis: bf7c407c2cedff20999df2af8eb42d56 -> 
========================================================================
Received Prepare
Begin MonoManager ReloadAssembly
Symbol file data-00000216E83D1840 doesn't match image C:\Users\admin\Desktop\GameProject1\Game\Library\ScriptAssemblies\Unity.Timeline.dll
Symbol file LoadedFromMemory is not a mono symbol file
Symbol file data-00000216E7EEA050 doesn't match image C:\Users\admin\Desktop\GameProject1\Game\Library\ScriptAssemblies\Unity.TestTools.CodeCoverage.Editor.OpenCover.Mono.Reflection.dll
Symbol file LoadedFromMemory is not a mono symbol file
Symbol file data-000002170AB44040 doesn't match image C:\Users\admin\Desktop\GameProject1\Game\Library\ScriptAssemblies\UnityEngine.UI.dll
Symbol file LoadedFromMemory is not a mono symbol file
Symbol file data-00000217147C28B0 doesn't match image C:\Users\admin\Desktop\GameProject1\Game\Library\ScriptAssemblies\Unity.EditorCoroutines.Editor.dll
Symbol file LoadedFromMemory is not a mono symbol file
Symbol file data-00000216E7EEA050 doesn't match image C:\Users\admin\Desktop\GameProject1\Game\Library\ScriptAssemblies\Unity.VisualScripting.SettingsProvider.Editor.dll
Symbol file LoadedFromMemory is not a mono symbol file
Symbol file data-000002171407E010 doesn't match image C:\Users\admin\Desktop\GameProject1\Game\Library\ScriptAssemblies\Unity.Performance.Profile-Analyzer.Editor.dll
Symbol file LoadedFromMemory is not a mono symbol file
Symbol file data-00000216E83BE020 doesn't match image C:\Users\admin\Desktop\GameProject1\Game\Library\ScriptAssemblies\Unity.TestTools.CodeCoverage.Editor.dll
Symbol file LoadedFromMemory is not a mono symbol file
Symbol file data-000002170A2A6040 doesn't match image C:\Users\admin\Desktop\GameProject1\Game\Library\ScriptAssemblies\Unity.TestTools.CodeCoverage.Editor.OpenCover.Model.dll
Symbol file LoadedFromMemory is not a mono symbol file
Symbol file data-000002170A7D2010 doesn't match image C:\Users\admin\Desktop\GameProject1\Game\Library\ScriptAssemblies\Unity.PlasticSCM.Editor.dll
Symbol file LoadedFromMemory is not a mono symbol file
Symbol file data-00000216E8176FC0 doesn't match image C:\Users\admin\Desktop\GameProject1\Game\Library\ScriptAssemblies\UnityEngine.TestRunner.dll
Symbol file LoadedFromMemory is not a mono symbol file
Symbol file data-0000021714BDB010 doesn't match image C:\Users\admin\Desktop\GameProject1\Game\Library\ScriptAssemblies\Unity.VisualScripting.State.Editor.dll
Symbol file LoadedFromMemory is not a mono symbol file
Symbol file data-00000216E7D40080 doesn't match image C:\Users\admin\Desktop\GameProject1\Game\Library\ScriptAssemblies\Unity.Timeline.Editor.dll
Symbol file LoadedFromMemory is not a mono symbol file
Symbol file data-0000021713255020 doesn't match image C:\Users\admin\Desktop\GameProject1\Game\Library\ScriptAssemblies\Unity.Settings.Editor.dll
Symbol file LoadedFromMemory is not a mono symbol file
Symbol file data-00000216E7EEA050 doesn't match image C:\Users\admin\Desktop\GameProject1\Game\Library\ScriptAssemblies\Unity.VisualScripting.Shared.Editor.dll
Symbol file LoadedFromMemory is not a mono symbol file
Symbol file data-0000021712E5A020 doesn't match image C:\Users\admin\Desktop\GameProject1\Game\Library\ScriptAssemblies\Unity.VisualStudio.Editor.dll
Symbol file LoadedFromMemory is not a mono symbol file
Symbol file data-0000021713A29400 doesn't match image C:\Users\admin\Desktop\GameProject1\Game\Library\ScriptAssemblies\Unity.CollabProxy.Editor.dll
Symbol file LoadedFromMemory is not a mono symbol file
Symbol file data-000002170B774030 doesn't match image C:\Users\admin\Desktop\GameProject1\Game\Library\ScriptAssemblies\Unity.TextMeshPro.dll
Symbol file LoadedFromMemory is not a mono symbol file
Symbol file data-00000217754BF070 doesn't match image C:\Users\admin\Desktop\GameProject1\Game\Library\ScriptAssemblies\Unity.VisualScripting.Core.dll
Symbol file LoadedFromMemory is not a mono symbol file
Symbol file data-000002170BE2FEF0 doesn't match image C:\Users\admin\Desktop\GameProject1\Game\Library\ScriptAssemblies\Unity.TextMeshPro.Editor.dll
Symbol file LoadedFromMemory is not a mono symbol file
Symbol file data-000002170A922010 doesn't match image C:\Users\admin\Desktop\GameProject1\Game\Library\ScriptAssemblies\UnityEditor.UI.dll
Symbol file LoadedFromMemory is not a mono symbol file
Symbol file data-0000021714B1E010 doesn't match image C:\Users\admin\Desktop\GameProject1\Game\Library\ScriptAssemblies\Unity.VisualScripting.Core.Editor.dll
Symbol file LoadedFromMemory is not a mono symbol file
Symbol file data-000002170A922010 doesn't match image C:\Users\admin\Desktop\GameProject1\Game\Library\ScriptAssemblies\Unity.Rider.Editor.dll
Symbol file LoadedFromMemory is not a mono symbol file
Symbol file data-000002170B7ACA40 doesn't match image C:\Users\admin\Desktop\GameProject1\Game\Library\ScriptAssemblies\Unity.VisualScripting.State.dll
Symbol file LoadedFromMemory is not a mono symbol file
Symbol file data-000002170B7ACA40 doesn't match image C:\Users\admin\Desktop\GameProject1\Game\Library\ScriptAssemblies\Unity.VSCode.Editor.dll
Symbol file LoadedFromMemory is not a mono symbol file
Symbol file data-000002170A825030 doesn't match image C:\Users\admin\Desktop\GameProject1\Game\Library\ScriptAssemblies\UnityEditor.TestRunner.dll
Symbol file LoadedFromMemory is not a mono symbol file
Symbol file data-00000217755F5040 doesn't match image C:\Users\admin\Desktop\GameProject1\Game\Library\ScriptAssemblies\Unity.VisualScripting.Flow.dll
Symbol file LoadedFromMemory is not a mono symbol file
Symbol file data-000002171407E010 doesn't match image C:\Users\admin\Desktop\GameProject1\Game\Library\ScriptAssemblies\Unity.VisualScripting.Flow.Editor.dll
Symbol file LoadedFromMemory is not a mono symbol file
- Loaded All Assemblies, in  0.516 seconds
Refreshing native plugins compatible for Editor in 7.46 ms, found 3 plugins.
Native extension for WindowsStandalone target not found
Mono: successfully reloaded assembly
- Finished resetting the current domain, in  1.237 seconds
Domain Reload Profiling: 1750ms
	BeginReloadAssembly (174ms)
		ExecutionOrderSort (0ms)
		DisableScriptedObjects (5ms)
		BackupInstance (0ms)
		ReleaseScriptingObjects (0ms)
		CreateAndSetChildDomain (33ms)
	RebuildCommonClasses (42ms)
	RebuildNativeTypeToScriptingClass (14ms)
	initialDomainReloadingComplete (35ms)
	LoadAllAssembliesAndSetupDomain (246ms)
		LoadAssemblies (330ms)
		RebuildTransferFunctionScriptingTraits (0ms)
		AnalyzeDomain (15ms)
			TypeCache.Refresh (6ms)
				TypeCache.ScanAssembly (0ms)
			ScanForSourceGeneratedMonoScriptInfo (0ms)
			ResolveRequiredComponents (6ms)
	FinalizeReload (1238ms)
		ReleaseScriptCaches (0ms)
		RebuildScriptCaches (0ms)
		SetupLoadedEditorAssemblies (426ms)
			LogAssemblyErrors (0ms)
			InitializePlatformSupportModulesInManaged (8ms)
			SetLoadedEditorAssemblies (4ms)
			RefreshPlugins (0ms)
			BeforeProcessingInitializeOnLoad (70ms)
			ProcessInitializeOnLoadAttributes (304ms)
			ProcessInitializeOnLoadMethodAttributes (26ms)
			AfterProcessingInitializeOnLoad (14ms)
			EditorAssembliesLoaded (0ms)
		ExecutionOrderSort2 (0ms)
		AwakeInstancesAfterBackupRestoration (20ms)
Refreshing native plugins compatible for Editor in 8.16 ms, found 3 plugins.
Preloading 0 native plugins for Editor in 0.00 ms.
Unloading 3129 Unused Serialized files (Serialized files now loaded: 0)
Unloading 25 unused Assets / (31.6 KB). Loaded Objects now: 3616.
Memory consumption went from 136.4 MB to 136.4 MB.
Total: 4.212200 ms (FindLiveObjects: 0.497300 ms CreateObjectMapping: 0.095000 ms MarkObjects: 3.553000 ms  DeleteObjects: 0.065900 ms)

Prepare: number of updated asset objects reloaded= 0
AssetImportParameters requested are different than current active one (requested -> active):
  custom:container-demuxer-ogg: 62fdf1f143b41e24485cea50d1cbac27 -> 
  custom:video-decoder-ogg-theora: a1e56fd34408186e4bbccfd4996cb3dc -> 
  custom:framework-win-MediaFoundation: 216162199b28c13a410421893ffa2e32 -> 
  custom:CustomObjectIndexerAttribute: 9a22284fe3817be447336de3de66b15e -> 
  custom:container-demuxer-webm: 4f35f7cbe854078d1ac9338744f61a02 -> 
  custom:container-muxer-webm: aa71ff27fc2769a1b78a27578f13a17b -> 
  custom:video-decoder-webm-vp8: 9c59270c3fd7afecdb556c50c9e8de78 -> 
  custom:SearchIndexIgnoredProperties: e643bd26f0fe6173181afceb89e7c659 -> 
  custom:AudioImporter_EditorPlatform: d09bf68614088b80899f8185d706f6e7 -> 
  custom:video-encoder-webm-vp8: eb34c28f22e8b96e1ab97ce403110664 -> 
  custom:audio-decoder-ogg-vorbis: bf7c407c2cedff20999df2af8eb42d56 -> 
  custom:audio-encoder-webm-vorbis: bf7c407c2cedff20999df2af8eb42d56 -> 
========================================================================
Received Import Request.
  Time since last request: 345.982350 seconds.
  path: Assets/Clas10th (Instantiate & Destroy)/Prefabs/Knife.prefab
  artifactKey: Guid(c1ab9abedc9d80f4a9109fe99b4ea8d4) Importer(815301076,1909f56bfc062723c751e8b465ee728b)
Start importing Assets/Clas10th (Instantiate & Destroy)/Prefabs/Knife.prefab using Guid(c1ab9abedc9d80f4a9109fe99b4ea8d4) Importer(815301076,1909f56bfc062723c751e8b465ee728b)  -> (artifact id: '83f6639deab66acdbb22520aa966bac5') in 0.079964 seconds
Number of updated asset objects reloaded before import = 0
Number of asset objects unloaded after import = 10
========================================================================
Received Prepare
Begin MonoManager ReloadAssembly
Symbol file data-00000216E83D1840 doesn't match image C:\Users\admin\Desktop\GameProject1\Game\Library\ScriptAssemblies\Unity.Timeline.dll
Symbol file LoadedFromMemory is not a mono symbol file
Symbol file data-0000021775637080 doesn't match image C:\Users\admin\Desktop\GameProject1\Game\Library\ScriptAssemblies\Unity.TestTools.CodeCoverage.Editor.OpenCover.Mono.Reflection.dll
Symbol file LoadedFromMemory is not a mono symbol file
Symbol file data-0000021775484020 doesn't match image C:\Users\admin\Desktop\GameProject1\Game\Library\ScriptAssemblies\UnityEngine.UI.dll
Symbol file LoadedFromMemory is not a mono symbol file
Symbol file data-000002170A83D050 doesn't match image C:\Users\admin\Desktop\GameProject1\Game\Library\ScriptAssemblies\Unity.EditorCoroutines.Editor.dll
Symbol file LoadedFromMemory is not a mono symbol file
Symbol file data-0000021775637080 doesn't match image C:\Users\admin\Desktop\GameProject1\Game\Library\ScriptAssemblies\Unity.VisualScripting.SettingsProvider.Editor.dll
Symbol file LoadedFromMemory is not a mono symbol file
Symbol file data-00000216E7ECA010 doesn't match image C:\Users\admin\Desktop\GameProject1\Game\Library\ScriptAssemblies\Unity.Performance.Profile-Analyzer.Editor.dll
Symbol file LoadedFromMemory is not a mono symbol file
Symbol file data-000002170BAAD010 doesn't match image C:\Users\admin\Desktop\GameProject1\Game\Library\ScriptAssemblies\Unity.TestTools.CodeCoverage.Editor.dll
Symbol file LoadedFromMemory is not a mono symbol file
Symbol file data-00000216E88B0030 doesn't match image C:\Users\admin\Desktop\GameProject1\Game\Library\ScriptAssemblies\Unity.TestTools.CodeCoverage.Editor.OpenCover.Model.dll
Symbol file LoadedFromMemory is not a mono symbol file
Symbol file data-000002170A7D2010 doesn't match image C:\Users\admin\Desktop\GameProject1\Game\Library\ScriptAssemblies\Unity.PlasticSCM.Editor.dll
Symbol file LoadedFromMemory is not a mono symbol file
Symbol file data-0000021712F82020 doesn't match image C:\Users\admin\Desktop\GameProject1\Game\Library\ScriptAssemblies\UnityEngine.TestRunner.dll
Symbol file LoadedFromMemory is not a mono symbol file
Symbol file data-000002170AA30020 doesn't match image C:\Users\admin\Desktop\GameProject1\Game\Library\ScriptAssemblies\Unity.VisualScripting.State.Editor.dll
Symbol file LoadedFromMemory is not a mono symbol file
Symbol file data-00000217754CF080 doesn't match image C:\Users\admin\Desktop\GameProject1\Game\Library\ScriptAssemblies\Unity.Timeline.Editor.dll
Symbol file LoadedFromMemory is not a mono symbol file
Symbol file data-00000216E88B0030 doesn't match image C:\Users\admin\Desktop\GameProject1\Game\Library\ScriptAssemblies\Unity.Settings.Editor.dll
Symbol file LoadedFromMemory is not a mono symbol file
Symbol file data-000002170AA96440 doesn't match image C:\Users\admin\Desktop\GameProject1\Game\Library\ScriptAssemblies\Unity.VisualScripting.Shared.Editor.dll
Symbol file LoadedFromMemory is not a mono symbol file
Symbol file data-00000216E83BE020 doesn't match image C:\Users\admin\Desktop\GameProject1\Game\Library\ScriptAssemblies\Unity.VisualStudio.Editor.dll
Symbol file LoadedFromMemory is not a mono symbol file
Symbol file data-0000021714656EB0 doesn't match image C:\Users\admin\Desktop\GameProject1\Game\Library\ScriptAssemblies\Unity.CollabProxy.Editor.dll
Symbol file LoadedFromMemory is not a mono symbol file
Symbol file data-000002170A475030 doesn't match image C:\Users\admin\Desktop\GameProject1\Game\Library\ScriptAssemblies\Unity.TextMeshPro.dll
Symbol file LoadedFromMemory is not a mono symbol file
Symbol file data-00000216E7D40080 doesn't match image C:\Users\admin\Desktop\GameProject1\Game\Library\ScriptAssemblies\Unity.VisualScripting.Core.dll
Symbol file LoadedFromMemory is not a mono symbol file
Symbol file data-000002170BE2FEF0 doesn't match image C:\Users\admin\Desktop\GameProject1\Game\Library\ScriptAssemblies\Unity.TextMeshPro.Editor.dll
Symbol file LoadedFromMemory is not a mono symbol file
Symbol file data-000002170AA30020 doesn't match image C:\Users\admin\Desktop\GameProject1\Game\Library\ScriptAssemblies\UnityEditor.UI.dll
Symbol file LoadedFromMemory is not a mono symbol file
Symbol file data-0000021713996570 doesn't match image C:\Users\admin\Desktop\GameProject1\Game\Library\ScriptAssemblies\Unity.VisualScripting.Core.Editor.dll
Symbol file LoadedFromMemory is not a mono symbol file
Symbol file data-00000217134C0060 doesn't match image C:\Users\admin\Desktop\GameProject1\Game\Library\ScriptAssemblies\Unity.Rider.Editor.dll
Symbol file LoadedFromMemory is not a mono symbol file
Symbol file data-000002170A922010 doesn't match image C:\Users\admin\Desktop\GameProject1\Game\Library\ScriptAssemblies\Unity.VisualScripting.State.dll
Symbol file LoadedFromMemory is not a mono symbol file
Symbol file data-000002170A922010 doesn't match image C:\Users\admin\Desktop\GameProject1\Game\Library\ScriptAssemblies\Unity.VSCode.Editor.dll
Symbol file LoadedFromMemory is not a mono symbol file
Symbol file data-00000216C4AC2710 doesn't match image C:\Users\admin\Desktop\GameProject1\Game\Library\ScriptAssemblies\UnityEditor.TestRunner.dll
Symbol file LoadedFromMemory is not a mono symbol file
Symbol file data-00000216E870C040 doesn't match image C:\Users\admin\Desktop\GameProject1\Game\Library\ScriptAssemblies\Unity.VisualScripting.Flow.dll
Symbol file LoadedFromMemory is not a mono symbol file
Symbol file data-00000216E7ECA010 doesn't match image C:\Users\admin\Desktop\GameProject1\Game\Library\ScriptAssemblies\Unity.VisualScripting.Flow.Editor.dll
Symbol file LoadedFromMemory is not a mono symbol file
- Loaded All Assemblies, in  0.468 seconds
Refreshing native plugins compatible for Editor in 6.02 ms, found 3 plugins.
Native extension for WindowsStandalone target not found
Mono: successfully reloaded assembly
- Finished resetting the current domain, in  1.168 seconds
Domain Reload Profiling: 1632ms
	BeginReloadAssembly (165ms)
		ExecutionOrderSort (0ms)
		DisableScriptedObjects (4ms)
		BackupInstance (0ms)
		ReleaseScriptingObjects (0ms)
		CreateAndSetChildDomain (35ms)
	RebuildCommonClasses (33ms)
	RebuildNativeTypeToScriptingClass (11ms)
	initialDomainReloadingComplete (33ms)
	LoadAllAssembliesAndSetupDomain (221ms)
		LoadAssemblies (293ms)
		RebuildTransferFunctionScriptingTraits (0ms)
		AnalyzeDomain (16ms)
			TypeCache.Refresh (7ms)
				TypeCache.ScanAssembly (0ms)
			ScanForSourceGeneratedMonoScriptInfo (0ms)
			ResolveRequiredComponents (6ms)
	FinalizeReload (1168ms)
		ReleaseScriptCaches (0ms)
		RebuildScriptCaches (0ms)
		SetupLoadedEditorAssemblies (414ms)
			LogAssemblyErrors (0ms)
			InitializePlatformSupportModulesInManaged (9ms)
			SetLoadedEditorAssemblies (3ms)
			RefreshPlugins (0ms)
			BeforeProcessingInitializeOnLoad (70ms)
			ProcessInitializeOnLoadAttributes (296ms)
			ProcessInitializeOnLoadMethodAttributes (22ms)
			AfterProcessingInitializeOnLoad (14ms)
			EditorAssembliesLoaded (0ms)
		ExecutionOrderSort2 (0ms)
		AwakeInstancesAfterBackupRestoration (19ms)
Refreshing native plugins compatible for Editor in 5.54 ms, found 3 plugins.
Preloading 0 native plugins for Editor in 0.00 ms.
Unloading 3128 Unused Serialized files (Serialized files now loaded: 0)
Unloading 25 unused Assets / (31.6 KB). Loaded Objects now: 3619.
Memory consumption went from 138.1 MB to 138.0 MB.
Total: 2.879200 ms (FindLiveObjects: 0.313200 ms CreateObjectMapping: 0.081600 ms MarkObjects: 2.407000 ms  DeleteObjects: 0.076400 ms)

Prepare: number of updated asset objects reloaded= 0
AssetImportParameters requested are different than current active one (requested -> active):
  custom:container-demuxer-ogg: 62fdf1f143b41e24485cea50d1cbac27 -> 
  custom:video-decoder-ogg-theora: a1e56fd34408186e4bbccfd4996cb3dc -> 
  custom:framework-win-MediaFoundation: 216162199b28c13a410421893ffa2e32 -> 
  custom:CustomObjectIndexerAttribute: 9a22284fe3817be447336de3de66b15e -> 
  custom:container-demuxer-webm: 4f35f7cbe854078d1ac9338744f61a02 -> 
  custom:container-muxer-webm: aa71ff27fc2769a1b78a27578f13a17b -> 
  custom:video-decoder-webm-vp8: 9c59270c3fd7afecdb556c50c9e8de78 -> 
  custom:SearchIndexIgnoredProperties: e643bd26f0fe6173181afceb89e7c659 -> 
  custom:AudioImporter_EditorPlatform: d09bf68614088b80899f8185d706f6e7 -> 
  custom:video-encoder-webm-vp8: eb34c28f22e8b96e1ab97ce403110664 -> 
  custom:audio-decoder-ogg-vorbis: bf7c407c2cedff20999df2af8eb42d56 -> 
  custom:audio-encoder-webm-vorbis: bf7c407c2cedff20999df2af8eb42d56 -> 
========================================================================
Received Prepare
Begin MonoManager ReloadAssembly
Symbol file data-00000216E83D1840 doesn't match image C:\Users\admin\Desktop\GameProject1\Game\Library\ScriptAssemblies\Unity.Timeline.dll
Symbol file LoadedFromMemory is not a mono symbol file
Symbol file data-0000021775637080 doesn't match image C:\Users\admin\Desktop\GameProject1\Game\Library\ScriptAssemblies\Unity.TestTools.CodeCoverage.Editor.OpenCover.Mono.Reflection.dll
Symbol file LoadedFromMemory is not a mono symbol file
Symbol file data-000002170A475030 doesn't match image C:\Users\admin\Desktop\GameProject1\Game\Library\ScriptAssemblies\UnityEngine.UI.dll
Symbol file LoadedFromMemory is not a mono symbol file
Symbol file data-0000021714656EB0 doesn't match image C:\Users\admin\Desktop\GameProject1\Game\Library\ScriptAssemblies\Unity.EditorCoroutines.Editor.dll
Symbol file LoadedFromMemory is not a mono symbol file
Symbol file data-0000021775637080 doesn't match image C:\Users\admin\Desktop\GameProject1\Game\Library\ScriptAssemblies\Unity.VisualScripting.SettingsProvider.Editor.dll
Symbol file LoadedFromMemory is not a mono symbol file
Symbol file data-0000021775E75010 doesn't match image C:\Users\admin\Desktop\GameProject1\Game\Library\ScriptAssemblies\Unity.Performance.Profile-Analyzer.Editor.dll
Symbol file LoadedFromMemory is not a mono symbol file
Symbol file data-000002170BAAD010 doesn't match image C:\Users\admin\Desktop\GameProject1\Game\Library\ScriptAssemblies\Unity.TestTools.CodeCoverage.Editor.dll
Symbol file LoadedFromMemory is not a mono symbol file
Symbol file data-000002170AE1F060 doesn't match image C:\Users\admin\Desktop\GameProject1\Game\Library\ScriptAssemblies\Unity.TestTools.CodeCoverage.Editor.OpenCover.Model.dll
Symbol file LoadedFromMemory is not a mono symbol file
Symbol file data-000002170A7D2010 doesn't match image C:\Users\admin\Desktop\GameProject1\Game\Library\ScriptAssemblies\Unity.PlasticSCM.Editor.dll
Symbol file LoadedFromMemory is not a mono symbol file
Symbol file data-000002170A8FC030 doesn't match image C:\Users\admin\Desktop\GameProject1\Game\Library\ScriptAssemblies\UnityEngine.TestRunner.dll
Symbol file LoadedFromMemory is not a mono symbol file
Symbol file data-000002170AA30020 doesn't match image C:\Users\admin\Desktop\GameProject1\Game\Library\ScriptAssemblies\Unity.VisualScripting.State.Editor.dll
Symbol file LoadedFromMemory is not a mono symbol file
Symbol file data-00000217754CF080 doesn't match image C:\Users\admin\Desktop\GameProject1\Game\Library\ScriptAssemblies\Unity.Timeline.Editor.dll
Symbol file LoadedFromMemory is not a mono symbol file
Symbol file data-000002170AE1F060 doesn't match image C:\Users\admin\Desktop\GameProject1\Game\Library\ScriptAssemblies\Unity.Settings.Editor.dll
Symbol file LoadedFromMemory is not a mono symbol file
Symbol file data-00000216E8855010 doesn't match image C:\Users\admin\Desktop\GameProject1\Game\Library\ScriptAssemblies\Unity.VisualScripting.Shared.Editor.dll
Symbol file LoadedFromMemory is not a mono symbol file
Symbol file data-0000021712E5A020 doesn't match image C:\Users\admin\Desktop\GameProject1\Game\Library\ScriptAssemblies\Unity.VisualStudio.Editor.dll
Symbol file LoadedFromMemory is not a mono symbol file
Symbol file data-000002170A83D050 doesn't match image C:\Users\admin\Desktop\GameProject1\Game\Library\ScriptAssemblies\Unity.CollabProxy.Editor.dll
Symbol file LoadedFromMemory is not a mono symbol file
Symbol file data-00000217755F5040 doesn't match image C:\Users\admin\Desktop\GameProject1\Game\Library\ScriptAssemblies\Unity.TextMeshPro.dll
Symbol file LoadedFromMemory is not a mono symbol file
Symbol file data-00000216E7D40080 doesn't match image C:\Users\admin\Desktop\GameProject1\Game\Library\ScriptAssemblies\Unity.VisualScripting.Core.dll
Symbol file LoadedFromMemory is not a mono symbol file
Symbol file data-000002170BE2FEF0 doesn't match image C:\Users\admin\Desktop\GameProject1\Game\Library\ScriptAssemblies\Unity.TextMeshPro.Editor.dll
Symbol file LoadedFromMemory is not a mono symbol file
Symbol file data-000002170AA30020 doesn't match image C:\Users\admin\Desktop\GameProject1\Game\Library\ScriptAssemblies\UnityEditor.UI.dll
Symbol file LoadedFromMemory is not a mono symbol file
Symbol file data-00000217756C5D60 doesn't match image C:\Users\admin\Desktop\GameProject1\Game\Library\ScriptAssemblies\Unity.VisualScripting.Core.Editor.dll
Symbol file LoadedFromMemory is not a mono symbol file
Symbol file data-00000217134C0060 doesn't match image C:\Users\admin\Desktop\GameProject1\Game\Library\ScriptAssemblies\Unity.Rider.Editor.dll
Symbol file LoadedFromMemory is not a mono symbol file
Symbol file data-00000216E861F020 doesn't match image C:\Users\admin\Desktop\GameProject1\Game\Library\ScriptAssemblies\Unity.VisualScripting.State.dll
Symbol file LoadedFromMemory is not a mono symbol file
Symbol file data-00000216E861F020 doesn't match image C:\Users\admin\Desktop\GameProject1\Game\Library\ScriptAssemblies\Unity.VSCode.Editor.dll
Symbol file LoadedFromMemory is not a mono symbol file
Symbol file data-0000021714809010 doesn't match image C:\Users\admin\Desktop\GameProject1\Game\Library\ScriptAssemblies\UnityEditor.TestRunner.dll
Symbol file LoadedFromMemory is not a mono symbol file
Symbol file data-0000021714C29650 doesn't match image C:\Users\admin\Desktop\GameProject1\Game\Library\ScriptAssemblies\Unity.VisualScripting.Flow.dll
Symbol file LoadedFromMemory is not a mono symbol file
Symbol file data-0000021775E75010 doesn't match image C:\Users\admin\Desktop\GameProject1\Game\Library\ScriptAssemblies\Unity.VisualScripting.Flow.Editor.dll
Symbol file LoadedFromMemory is not a mono symbol file
- Loaded All Assemblies, in  0.519 seconds
Refreshing native plugins compatible for Editor in 5.81 ms, found 3 plugins.
Native extension for WindowsStandalone target not found
Mono: successfully reloaded assembly
- Finished resetting the current domain, in  0.987 seconds
Domain Reload Profiling: 1501ms
	BeginReloadAssembly (182ms)
		ExecutionOrderSort (0ms)
		DisableScriptedObjects (5ms)
		BackupInstance (0ms)
		ReleaseScriptingObjects (0ms)
		CreateAndSetChildDomain (35ms)
	RebuildCommonClasses (37ms)
	RebuildNativeTypeToScriptingClass (13ms)
	initialDomainReloadingComplete (40ms)
	LoadAllAssembliesAndSetupDomain (242ms)
		LoadAssemblies (326ms)
		RebuildTransferFunctionScriptingTraits (0ms)
		AnalyzeDomain (20ms)
			TypeCache.Refresh (7ms)
				TypeCache.ScanAssembly (0ms)
			ScanForSourceGeneratedMonoScriptInfo (6ms)
			ResolveRequiredComponents (5ms)
	FinalizeReload (988ms)
		ReleaseScriptCaches (0ms)
		RebuildScriptCaches (0ms)
		SetupLoadedEditorAssemblies (346ms)
			LogAssemblyErrors (0ms)
			InitializePlatformSupportModulesInManaged (7ms)
			SetLoadedEditorAssemblies (3ms)
			RefreshPlugins (0ms)
			BeforeProcessingInitializeOnLoad (64ms)
			ProcessInitializeOnLoadAttributes (243ms)
			ProcessInitializeOnLoadMethodAttributes (19ms)
			AfterProcessingInitializeOnLoad (11ms)
			EditorAssembliesLoaded (0ms)
		ExecutionOrderSort2 (0ms)
		AwakeInstancesAfterBackupRestoration (15ms)
Refreshing native plugins compatible for Editor in 5.46 ms, found 3 plugins.
Preloading 0 native plugins for Editor in 0.00 ms.
Unloading 3129 Unused Serialized files (Serialized files now loaded: 0)
Unloading 25 unused Assets / (31.6 KB). Loaded Objects now: 3622.
Memory consumption went from 140.3 MB to 140.2 MB.
Total: 2.820500 ms (FindLiveObjects: 0.311300 ms CreateObjectMapping: 0.072100 ms MarkObjects: 2.373000 ms  DeleteObjects: 0.063100 ms)

Prepare: number of updated asset objects reloaded= 0
AssetImportParameters requested are different than current active one (requested -> active):
  custom:container-demuxer-ogg: 62fdf1f143b41e24485cea50d1cbac27 -> 
  custom:video-decoder-ogg-theora: a1e56fd34408186e4bbccfd4996cb3dc -> 
  custom:framework-win-MediaFoundation: 216162199b28c13a410421893ffa2e32 -> 
  custom:CustomObjectIndexerAttribute: 9a22284fe3817be447336de3de66b15e -> 
  custom:container-demuxer-webm: 4f35f7cbe854078d1ac9338744f61a02 -> 
  custom:container-muxer-webm: aa71ff27fc2769a1b78a27578f13a17b -> 
  custom:video-decoder-webm-vp8: 9c59270c3fd7afecdb556c50c9e8de78 -> 
  custom:SearchIndexIgnoredProperties: e643bd26f0fe6173181afceb89e7c659 -> 
  custom:AudioImporter_EditorPlatform: d09bf68614088b80899f8185d706f6e7 -> 
  custom:video-encoder-webm-vp8: eb34c28f22e8b96e1ab97ce403110664 -> 
  custom:audio-decoder-ogg-vorbis: bf7c407c2cedff20999df2af8eb42d56 -> 
  custom:audio-encoder-webm-vorbis: bf7c407c2cedff20999df2af8eb42d56 -> 
========================================================================
Received Prepare
Begin MonoManager ReloadAssembly
Symbol file data-00000216E83D1840 doesn't match image C:\Users\admin\Desktop\GameProject1\Game\Library\ScriptAssemblies\Unity.Timeline.dll
Symbol file LoadedFromMemory is not a mono symbol file
Symbol file data-000002170C054030 doesn't match image C:\Users\admin\Desktop\GameProject1\Game\Library\ScriptAssemblies\Unity.TestTools.CodeCoverage.Editor.OpenCover.Mono.Reflection.dll
Symbol file LoadedFromMemory is not a mono symbol file
Symbol file data-00000216E7D40080 doesn't match image C:\Users\admin\Desktop\GameProject1\Game\Library\ScriptAssemblies\UnityEngine.UI.dll
Symbol file LoadedFromMemory is not a mono symbol file
Symbol file data-0000021714656EB0 doesn't match image C:\Users\admin\Desktop\GameProject1\Game\Library\ScriptAssemblies\Unity.EditorCoroutines.Editor.dll
Symbol file LoadedFromMemory is not a mono symbol file
Symbol file data-000002170C054030 doesn't match image C:\Users\admin\Desktop\GameProject1\Game\Library\ScriptAssemblies\Unity.VisualScripting.SettingsProvider.Editor.dll
Symbol file LoadedFromMemory is not a mono symbol file
Symbol file data-0000021775E75010 doesn't match image C:\Users\admin\Desktop\GameProject1\Game\Library\ScriptAssemblies\Unity.Performance.Profile-Analyzer.Editor.dll
Symbol file LoadedFromMemory is not a mono symbol file
Symbol file data-0000021712E5A020 doesn't match image C:\Users\admin\Desktop\GameProject1\Game\Library\ScriptAssemblies\Unity.TestTools.CodeCoverage.Editor.dll
Symbol file LoadedFromMemory is not a mono symbol file
Symbol file data-000002170AE1F060 doesn't match image C:\Users\admin\Desktop\GameProject1\Game\Library\ScriptAssemblies\Unity.TestTools.CodeCoverage.Editor.OpenCover.Model.dll
Symbol file LoadedFromMemory is not a mono symbol file
Symbol file data-000002170A7D2010 doesn't match image C:\Users\admin\Desktop\GameProject1\Game\Library\ScriptAssemblies\Unity.PlasticSCM.Editor.dll
Symbol file LoadedFromMemory is not a mono symbol file
Symbol file data-00000216E8176FC0 doesn't match image C:\Users\admin\Desktop\GameProject1\Game\Library\ScriptAssemblies\UnityEngine.TestRunner.dll
Symbol file LoadedFromMemory is not a mono symbol file
Symbol file data-000002170AA30020 doesn't match image C:\Users\admin\Desktop\GameProject1\Game\Library\ScriptAssemblies\Unity.VisualScripting.State.Editor.dll
Symbol file LoadedFromMemory is not a mono symbol file
Symbol file data-00000217754CF080 doesn't match image C:\Users\admin\Desktop\GameProject1\Game\Library\ScriptAssemblies\Unity.Timeline.Editor.dll
Symbol file LoadedFromMemory is not a mono symbol file
Symbol file data-000002170AE1F060 doesn't match image C:\Users\admin\Desktop\GameProject1\Game\Library\ScriptAssemblies\Unity.Settings.Editor.dll
Symbol file LoadedFromMemory is not a mono symbol file
Symbol file data-000002177522F010 doesn't match image C:\Users\admin\Desktop\GameProject1\Game\Library\ScriptAssemblies\Unity.VisualScripting.Shared.Editor.dll
Symbol file LoadedFromMemory is not a mono symbol file
Symbol file data-0000021712E5A020 doesn't match image C:\Users\admin\Desktop\GameProject1\Game\Library\ScriptAssemblies\Unity.VisualStudio.Editor.dll
Symbol file LoadedFromMemory is not a mono symbol file
Symbol file data-000002170A83D050 doesn't match image C:\Users\admin\Desktop\GameProject1\Game\Library\ScriptAssemblies\Unity.CollabProxy.Editor.dll
Symbol file LoadedFromMemory is not a mono symbol file
Symbol file data-00000217755F5040 doesn't match image C:\Users\admin\Desktop\GameProject1\Game\Library\ScriptAssemblies\Unity.TextMeshPro.dll
Symbol file LoadedFromMemory is not a mono symbol file
Symbol file data-0000021776200020 doesn't match image C:\Users\admin\Desktop\GameProject1\Game\Library\ScriptAssemblies\Unity.VisualScripting.Core.dll
Symbol file LoadedFromMemory is not a mono symbol file
Symbol file data-0000021712E31D90 doesn't match image C:\Users\admin\Desktop\GameProject1\Game\Library\ScriptAssemblies\Unity.TextMeshPro.Editor.dll
Symbol file LoadedFromMemory is not a mono symbol file
Symbol file data-000002170AA30020 doesn't match image C:\Users\admin\Desktop\GameProject1\Game\Library\ScriptAssemblies\UnityEditor.UI.dll
Symbol file LoadedFromMemory is not a mono symbol file
Symbol file data-0000021775D0B020 doesn't match image C:\Users\admin\Desktop\GameProject1\Game\Library\ScriptAssemblies\Unity.VisualScripting.Core.Editor.dll
Symbol file LoadedFromMemory is not a mono symbol file
Symbol file data-00000217134C0060 doesn't match image C:\Users\admin\Desktop\GameProject1\Game\Library\ScriptAssemblies\Unity.Rider.Editor.dll
Symbol file LoadedFromMemory is not a mono symbol file
Symbol file data-00000217145D2A90 doesn't match image C:\Users\admin\Desktop\GameProject1\Game\Library\ScriptAssemblies\Unity.VisualScripting.State.dll
Symbol file LoadedFromMemory is not a mono symbol file
Symbol file data-00000217145D2A90 doesn't match image C:\Users\admin\Desktop\GameProject1\Game\Library\ScriptAssemblies\Unity.VSCode.Editor.dll
Symbol file LoadedFromMemory is not a mono symbol file
Symbol file data-0000021714809010 doesn't match image C:\Users\admin\Desktop\GameProject1\Game\Library\ScriptAssemblies\UnityEditor.TestRunner.dll
Symbol file LoadedFromMemory is not a mono symbol file
Symbol file data-000002170C011010 doesn't match image C:\Users\admin\Desktop\GameProject1\Game\Library\ScriptAssemblies\Unity.VisualScripting.Flow.dll
Symbol file LoadedFromMemory is not a mono symbol file
Symbol file data-0000021775E75010 doesn't match image C:\Users\admin\Desktop\GameProject1\Game\Library\ScriptAssemblies\Unity.VisualScripting.Flow.Editor.dll
Symbol file LoadedFromMemory is not a mono symbol file
- Loaded All Assemblies, in  0.447 seconds
Refreshing native plugins compatible for Editor in 5.51 ms, found 3 plugins.
Native extension for WindowsStandalone target not found
Mono: successfully reloaded assembly
- Finished resetting the current domain, in  1.178 seconds
Domain Reload Profiling: 1621ms
	BeginReloadAssembly (156ms)
		ExecutionOrderSort (0ms)
		DisableScriptedObjects (6ms)
		BackupInstance (0ms)
		ReleaseScriptingObjects (0ms)
		CreateAndSetChildDomain (29ms)
	RebuildCommonClasses (34ms)
	RebuildNativeTypeToScriptingClass (10ms)
	initialDomainReloadingComplete (31ms)
	LoadAllAssembliesAndSetupDomain (211ms)
		LoadAssemblies (287ms)
		RebuildTransferFunctionScriptingTraits (0ms)
		AnalyzeDomain (13ms)
			TypeCache.Refresh (5ms)
				TypeCache.ScanAssembly (0ms)
			ScanForSourceGeneratedMonoScriptInfo (0ms)
			ResolveRequiredComponents (5ms)
	FinalizeReload (1178ms)
		ReleaseScriptCaches (0ms)
		RebuildScriptCaches (0ms)
		SetupLoadedEditorAssemblies (427ms)
			LogAssemblyErrors (0ms)
			InitializePlatformSupportModulesInManaged (8ms)
			SetLoadedEditorAssemblies (3ms)
			RefreshPlugins (0ms)
			BeforeProcessingInitializeOnLoad (72ms)
			ProcessInitializeOnLoadAttributes (307ms)
			ProcessInitializeOnLoadMethodAttributes (22ms)
			AfterProcessingInitializeOnLoad (15ms)
			EditorAssembliesLoaded (0ms)
		ExecutionOrderSort2 (0ms)
		AwakeInstancesAfterBackupRestoration (18ms)
Refreshing native plugins compatible for Editor in 7.81 ms, found 3 plugins.
Preloading 0 native plugins for Editor in 0.00 ms.
Unloading 3129 Unused Serialized files (Serialized files now loaded: 0)
Unloading 25 unused Assets / (31.6 KB). Loaded Objects now: 3625.
Memory consumption went from 142.2 MB to 142.2 MB.
Total: 3.249300 ms (FindLiveObjects: 0.466500 ms CreateObjectMapping: 0.103100 ms MarkObjects: 2.616100 ms  DeleteObjects: 0.062500 ms)

Prepare: number of updated asset objects reloaded= 0
AssetImportParameters requested are different than current active one (requested -> active):
  custom:container-demuxer-ogg: 62fdf1f143b41e24485cea50d1cbac27 -> 
  custom:video-decoder-ogg-theora: a1e56fd34408186e4bbccfd4996cb3dc -> 
  custom:framework-win-MediaFoundation: 216162199b28c13a410421893ffa2e32 -> 
  custom:CustomObjectIndexerAttribute: 9a22284fe3817be447336de3de66b15e -> 
  custom:container-demuxer-webm: 4f35f7cbe854078d1ac9338744f61a02 -> 
  custom:container-muxer-webm: aa71ff27fc2769a1b78a27578f13a17b -> 
  custom:video-decoder-webm-vp8: 9c59270c3fd7afecdb556c50c9e8de78 -> 
  custom:SearchIndexIgnoredProperties: e643bd26f0fe6173181afceb89e7c659 -> 
  custom:AudioImporter_EditorPlatform: d09bf68614088b80899f8185d706f6e7 -> 
  custom:video-encoder-webm-vp8: eb34c28f22e8b96e1ab97ce403110664 -> 
  custom:audio-decoder-ogg-vorbis: bf7c407c2cedff20999df2af8eb42d56 -> 
  custom:audio-encoder-webm-vorbis: bf7c407c2cedff20999df2af8eb42d56 -> 
========================================================================
Received Prepare
Begin MonoManager ReloadAssembly
Symbol file data-00000216E83D1840 doesn't match image C:\Users\admin\Desktop\GameProject1\Game\Library\ScriptAssemblies\Unity.Timeline.dll
Symbol file LoadedFromMemory is not a mono symbol file
Symbol file data-000002170C169010 doesn't match image C:\Users\admin\Desktop\GameProject1\Game\Library\ScriptAssemblies\Unity.TestTools.CodeCoverage.Editor.OpenCover.Mono.Reflection.dll
Symbol file LoadedFromMemory is not a mono symbol file
Symbol file data-000002170BF6F030 doesn't match image C:\Users\admin\Desktop\GameProject1\Game\Library\ScriptAssemblies\UnityEngine.UI.dll
Symbol file LoadedFromMemory is not a mono symbol file
Symbol file data-000002170A83D050 doesn't match image C:\Users\admin\Desktop\GameProject1\Game\Library\ScriptAssemblies\Unity.EditorCoroutines.Editor.dll
Symbol file LoadedFromMemory is not a mono symbol file
Symbol file data-000002170C169010 doesn't match image C:\Users\admin\Desktop\GameProject1\Game\Library\ScriptAssemblies\Unity.VisualScripting.SettingsProvider.Editor.dll
Symbol file LoadedFromMemory is not a mono symbol file
Symbol file data-00000217756E7010 doesn't match image C:\Users\admin\Desktop\GameProject1\Game\Library\ScriptAssemblies\Unity.Performance.Profile-Analyzer.Editor.dll
Symbol file LoadedFromMemory is not a mono symbol file
Symbol file data-000002177579A010 doesn't match image C:\Users\admin\Desktop\GameProject1\Game\Library\ScriptAssemblies\Unity.TestTools.CodeCoverage.Editor.dll
Symbol file LoadedFromMemory is not a mono symbol file
Symbol file data-000002170AE1F060 doesn't match image C:\Users\admin\Desktop\GameProject1\Game\Library\ScriptAssemblies\Unity.TestTools.CodeCoverage.Editor.OpenCover.Model.dll
Symbol file LoadedFromMemory is not a mono symbol file
Symbol file data-000002170A7D2010 doesn't match image C:\Users\admin\Desktop\GameProject1\Game\Library\ScriptAssemblies\Unity.PlasticSCM.Editor.dll
Symbol file LoadedFromMemory is not a mono symbol file
Symbol file data-00000216E802F040 doesn't match image C:\Users\admin\Desktop\GameProject1\Game\Library\ScriptAssemblies\UnityEngine.TestRunner.dll
Symbol file LoadedFromMemory is not a mono symbol file
Symbol file data-000002170AA30020 doesn't match image C:\Users\admin\Desktop\GameProject1\Game\Library\ScriptAssemblies\Unity.VisualScripting.State.Editor.dll
Symbol file LoadedFromMemory is not a mono symbol file
Symbol file data-00000217754CF080 doesn't match image C:\Users\admin\Desktop\GameProject1\Game\Library\ScriptAssemblies\Unity.Timeline.Editor.dll
Symbol file LoadedFromMemory is not a mono symbol file
Symbol file data-000002170AE1F060 doesn't match image C:\Users\admin\Desktop\GameProject1\Game\Library\ScriptAssemblies\Unity.Settings.Editor.dll
Symbol file LoadedFromMemory is not a mono symbol file
Symbol file data-000002177522F010 doesn't match image C:\Users\admin\Desktop\GameProject1\Game\Library\ScriptAssemblies\Unity.VisualScripting.Shared.Editor.dll
Symbol file LoadedFromMemory is not a mono symbol file
Symbol file data-00000216E83BE020 doesn't match image C:\Users\admin\Desktop\GameProject1\Game\Library\ScriptAssemblies\Unity.VisualStudio.Editor.dll
Symbol file LoadedFromMemory is not a mono symbol file
Symbol file data-000002177522F010 doesn't match image C:\Users\admin\Desktop\GameProject1\Game\Library\ScriptAssemblies\Unity.CollabProxy.Editor.dll
Symbol file LoadedFromMemory is not a mono symbol file
Symbol file data-000002170A475030 doesn't match image C:\Users\admin\Desktop\GameProject1\Game\Library\ScriptAssemblies\Unity.TextMeshPro.dll
Symbol file LoadedFromMemory is not a mono symbol file
Symbol file data-00000217752B4020 doesn't match image C:\Users\admin\Desktop\GameProject1\Game\Library\ScriptAssemblies\Unity.VisualScripting.Core.dll
Symbol file LoadedFromMemory is not a mono symbol file
Symbol file data-0000021713A8C010 doesn't match image C:\Users\admin\Desktop\GameProject1\Game\Library\ScriptAssemblies\Unity.TextMeshPro.Editor.dll
Symbol file LoadedFromMemory is not a mono symbol file
Symbol file data-000002170AA30020 doesn't match image C:\Users\admin\Desktop\GameProject1\Game\Library\ScriptAssemblies\UnityEditor.UI.dll
Symbol file LoadedFromMemory is not a mono symbol file
Symbol file data-0000021713AB6010 doesn't match image C:\Users\admin\Desktop\GameProject1\Game\Library\ScriptAssemblies\Unity.VisualScripting.Core.Editor.dll
Symbol file LoadedFromMemory is not a mono symbol file
Symbol file data-00000217134C0060 doesn't match image C:\Users\admin\Desktop\GameProject1\Game\Library\ScriptAssemblies\Unity.Rider.Editor.dll
Symbol file LoadedFromMemory is not a mono symbol file
Symbol file data-0000021714C0D580 doesn't match image C:\Users\admin\Desktop\GameProject1\Game\Library\ScriptAssemblies\Unity.VisualScripting.State.dll
Symbol file LoadedFromMemory is not a mono symbol file
Symbol file data-0000021714C0D580 doesn't match image C:\Users\admin\Desktop\GameProject1\Game\Library\ScriptAssemblies\Unity.VSCode.Editor.dll
Symbol file LoadedFromMemory is not a mono symbol file
Symbol file data-0000021714809010 doesn't match image C:\Users\admin\Desktop\GameProject1\Game\Library\ScriptAssemblies\UnityEditor.TestRunner.dll
Symbol file LoadedFromMemory is not a mono symbol file
Symbol file data-000002170A314010 doesn't match image C:\Users\admin\Desktop\GameProject1\Game\Library\ScriptAssemblies\Unity.VisualScripting.Flow.dll
Symbol file LoadedFromMemory is not a mono symbol file
Symbol file data-00000217756E7010 doesn't match image C:\Users\admin\Desktop\GameProject1\Game\Library\ScriptAssemblies\Unity.VisualScripting.Flow.Editor.dll
Symbol file LoadedFromMemory is not a mono symbol file
- Loaded All Assemblies, in  0.500 seconds
Refreshing native plugins compatible for Editor in 7.66 ms, found 3 plugins.
Native extension for WindowsStandalone target not found
Mono: successfully reloaded assembly
- Finished resetting the current domain, in  1.146 seconds
Domain Reload Profiling: 1642ms
	BeginReloadAssembly (166ms)
		ExecutionOrderSort (0ms)
		DisableScriptedObjects (4ms)
		BackupInstance (0ms)
		ReleaseScriptingObjects (0ms)
		CreateAndSetChildDomain (33ms)
	RebuildCommonClasses (35ms)
	RebuildNativeTypeToScriptingClass (12ms)
	initialDomainReloadingComplete (35ms)
	LoadAllAssembliesAndSetupDomain (247ms)
		LoadAssemblies (329ms)
		RebuildTransferFunctionScriptingTraits (0ms)
		AnalyzeDomain (14ms)
			TypeCache.Refresh (6ms)
				TypeCache.ScanAssembly (0ms)
			ScanForSourceGeneratedMonoScriptInfo (0ms)
			ResolveRequiredComponents (6ms)
	FinalizeReload (1147ms)
		ReleaseScriptCaches (0ms)
		RebuildScriptCaches (0ms)
		SetupLoadedEditorAssemblies (398ms)
			LogAssemblyErrors (0ms)
			InitializePlatformSupportModulesInManaged (9ms)
			SetLoadedEditorAssemblies (3ms)
			RefreshPlugins (0ms)
			BeforeProcessingInitializeOnLoad (69ms)
			ProcessInitializeOnLoadAttributes (279ms)
			ProcessInitializeOnLoadMethodAttributes (22ms)
			AfterProcessingInitializeOnLoad (15ms)
			EditorAssembliesLoaded (0ms)
		ExecutionOrderSort2 (0ms)
		AwakeInstancesAfterBackupRestoration (18ms)
Refreshing native plugins compatible for Editor in 6.35 ms, found 3 plugins.
Preloading 0 native plugins for Editor in 0.00 ms.
Unloading 3129 Unused Serialized files (Serialized files now loaded: 0)
Unloading 25 unused Assets / (31.6 KB). Loaded Objects now: 3628.
Memory consumption went from 144.1 MB to 144.1 MB.
Total: 2.757800 ms (FindLiveObjects: 0.340800 ms CreateObjectMapping: 0.081700 ms MarkObjects: 2.283100 ms  DeleteObjects: 0.051000 ms)

Prepare: number of updated asset objects reloaded= 0
AssetImportParameters requested are different than current active one (requested -> active):
  custom:container-demuxer-ogg: 62fdf1f143b41e24485cea50d1cbac27 -> 
  custom:video-decoder-ogg-theora: a1e56fd34408186e4bbccfd4996cb3dc -> 
  custom:framework-win-MediaFoundation: 216162199b28c13a410421893ffa2e32 -> 
  custom:CustomObjectIndexerAttribute: 9a22284fe3817be447336de3de66b15e -> 
  custom:container-demuxer-webm: 4f35f7cbe854078d1ac9338744f61a02 -> 
  custom:container-muxer-webm: aa71ff27fc2769a1b78a27578f13a17b -> 
  custom:video-decoder-webm-vp8: 9c59270c3fd7afecdb556c50c9e8de78 -> 
  custom:SearchIndexIgnoredProperties: e643bd26f0fe6173181afceb89e7c659 -> 
  custom:AudioImporter_EditorPlatform: d09bf68614088b80899f8185d706f6e7 -> 
  custom:video-encoder-webm-vp8: eb34c28f22e8b96e1ab97ce403110664 -> 
  custom:audio-decoder-ogg-vorbis: bf7c407c2cedff20999df2af8eb42d56 -> 
  custom:audio-encoder-webm-vorbis: bf7c407c2cedff20999df2af8eb42d56 -> 
========================================================================
Received Import Request.
  Time since last request: 291.549938 seconds.
  path: Assets/Clas10th (Instantiate & Destroy)/Prefabs/Revolver.prefab
  artifactKey: Guid(a35b8c32acba1334b9b31dfe8cdbc9be) Importer(815301076,1909f56bfc062723c751e8b465ee728b)
Start importing Assets/Clas10th (Instantiate & Destroy)/Prefabs/Revolver.prefab using Guid(a35b8c32acba1334b9b31dfe8cdbc9be) Importer(815301076,1909f56bfc062723c751e8b465ee728b)  -> (artifact id: '675594472b72f85504b80c8dd45e2748') in 0.074334 seconds
Number of updated asset objects reloaded before import = 0
Number of asset objects unloaded after import = 30
========================================================================
Received Import Request.
  Time since last request: 7.298694 seconds.
  path: Assets/Clas10th (Instantiate & Destroy)/Prefabs/Revolver.prefab
  artifactKey: Guid(a35b8c32acba1334b9b31dfe8cdbc9be) Importer(815301076,1909f56bfc062723c751e8b465ee728b)
Start importing Assets/Clas10th (Instantiate & Destroy)/Prefabs/Revolver.prefab using Guid(a35b8c32acba1334b9b31dfe8cdbc9be) Importer(815301076,1909f56bfc062723c751e8b465ee728b)  -> (artifact id: 'c2790e4e6ed714df69a13f1456bf6446') in 0.010370 seconds
Number of updated asset objects reloaded before import = 0
Number of asset objects unloaded after import = 30
========================================================================
Received Import Request.
  Time since last request: 31.195934 seconds.
  path: Assets/Clas10th (Instantiate & Destroy)/Prefabs/Rifle.prefab
  artifactKey: Guid(260ff1508afea5241b6511d8fbe92201) Importer(815301076,1909f56bfc062723c751e8b465ee728b)
Start importing Assets/Clas10th (Instantiate & Destroy)/Prefabs/Rifle.prefab using Guid(260ff1508afea5241b6511d8fbe92201) Importer(815301076,1909f56bfc062723c751e8b465ee728b)  -> (artifact id: '1eefc7e953b69af5b1ba57973732ee0d') in 0.009917 seconds
Number of updated asset objects reloaded before import = 0
Number of asset objects unloaded after import = 48
========================================================================
Received Prepare
Begin MonoManager ReloadAssembly
Symbol file data-00000216E83D1840 doesn't match image C:\Users\admin\Desktop\GameProject1\Game\Library\ScriptAssemblies\Unity.Timeline.dll
Symbol file LoadedFromMemory is not a mono symbol file
Symbol file data-000002170C169010 doesn't match image C:\Users\admin\Desktop\GameProject1\Game\Library\ScriptAssemblies\Unity.TestTools.CodeCoverage.Editor.OpenCover.Mono.Reflection.dll
Symbol file LoadedFromMemory is not a mono symbol file
Symbol file data-00000216E7D40080 doesn't match image C:\Users\admin\Desktop\GameProject1\Game\Library\ScriptAssemblies\UnityEngine.UI.dll
Symbol file LoadedFromMemory is not a mono symbol file
Symbol file data-00000217753FE010 doesn't match image C:\Users\admin\Desktop\GameProject1\Game\Library\ScriptAssemblies\Unity.EditorCoroutines.Editor.dll
Symbol file LoadedFromMemory is not a mono symbol file
Symbol file data-000002170C169010 doesn't match image C:\Users\admin\Desktop\GameProject1\Game\Library\ScriptAssemblies\Unity.VisualScripting.SettingsProvider.Editor.dll
Symbol file LoadedFromMemory is not a mono symbol file
Symbol file data-000002170B6D2020 doesn't match image C:\Users\admin\Desktop\GameProject1\Game\Library\ScriptAssemblies\Unity.Performance.Profile-Analyzer.Editor.dll
Symbol file LoadedFromMemory is not a mono symbol file
Symbol file data-000002177579A010 doesn't match image C:\Users\admin\Desktop\GameProject1\Game\Library\ScriptAssemblies\Unity.TestTools.CodeCoverage.Editor.dll
Symbol file LoadedFromMemory is not a mono symbol file
Symbol file data-000002170BD0E010 doesn't match image C:\Users\admin\Desktop\GameProject1\Game\Library\ScriptAssemblies\Unity.TestTools.CodeCoverage.Editor.OpenCover.Model.dll
Symbol file LoadedFromMemory is not a mono symbol file
Symbol file data-000002170A7D2010 doesn't match image C:\Users\admin\Desktop\GameProject1\Game\Library\ScriptAssemblies\Unity.PlasticSCM.Editor.dll
Symbol file LoadedFromMemory is not a mono symbol file
Symbol file data-00000216E8176FC0 doesn't match image C:\Users\admin\Desktop\GameProject1\Game\Library\ScriptAssemblies\UnityEngine.TestRunner.dll
Symbol file LoadedFromMemory is not a mono symbol file
Symbol file data-00000217756B6010 doesn't match image C:\Users\admin\Desktop\GameProject1\Game\Library\ScriptAssemblies\Unity.VisualScripting.State.Editor.dll
Symbol file LoadedFromMemory is not a mono symbol file
Symbol file data-0000021713064020 doesn't match image C:\Users\admin\Desktop\GameProject1\Game\Library\ScriptAssemblies\Unity.Timeline.Editor.dll
Symbol file LoadedFromMemory is not a mono symbol file
Symbol file data-000002170BD0E010 doesn't match image C:\Users\admin\Desktop\GameProject1\Game\Library\ScriptAssemblies\Unity.Settings.Editor.dll
Symbol file LoadedFromMemory is not a mono symbol file
Symbol file data-000002177522F010 doesn't match image C:\Users\admin\Desktop\GameProject1\Game\Library\ScriptAssemblies\Unity.VisualScripting.Shared.Editor.dll
Symbol file LoadedFromMemory is not a mono symbol file
Symbol file data-00000216E83BE020 doesn't match image C:\Users\admin\Desktop\GameProject1\Game\Library\ScriptAssemblies\Unity.VisualStudio.Editor.dll
Symbol file LoadedFromMemory is not a mono symbol file
Symbol file data-0000021714656EB0 doesn't match image C:\Users\admin\Desktop\GameProject1\Game\Library\ScriptAssemblies\Unity.CollabProxy.Editor.dll
Symbol file LoadedFromMemory is not a mono symbol file
Symbol file data-00000217755F5040 doesn't match image C:\Users\admin\Desktop\GameProject1\Game\Library\ScriptAssemblies\Unity.TextMeshPro.dll
Symbol file LoadedFromMemory is not a mono symbol file
Symbol file data-00000216E8B34040 doesn't match image C:\Users\admin\Desktop\GameProject1\Game\Library\ScriptAssemblies\Unity.VisualScripting.Core.dll
Symbol file LoadedFromMemory is not a mono symbol file
Symbol file data-000002171449C3F0 doesn't match image C:\Users\admin\Desktop\GameProject1\Game\Library\ScriptAssemblies\Unity.TextMeshPro.Editor.dll
Symbol file LoadedFromMemory is not a mono symbol file
Symbol file data-000002171458EA20 doesn't match image C:\Users\admin\Desktop\GameProject1\Game\Library\ScriptAssemblies\UnityEditor.UI.dll
Symbol file LoadedFromMemory is not a mono symbol file
Symbol file data-00000217754CF080 doesn't match image C:\Users\admin\Desktop\GameProject1\Game\Library\ScriptAssemblies\Unity.VisualScripting.Core.Editor.dll
Symbol file LoadedFromMemory is not a mono symbol file
Symbol file data-000002171458EA20 doesn't match image C:\Users\admin\Desktop\GameProject1\Game\Library\ScriptAssemblies\Unity.Rider.Editor.dll
Symbol file LoadedFromMemory is not a mono symbol file
Symbol file data-000002170BD0E010 doesn't match image C:\Users\admin\Desktop\GameProject1\Game\Library\ScriptAssemblies\Unity.VisualScripting.State.dll
Symbol file LoadedFromMemory is not a mono symbol file
Symbol file data-000002170BD0E010 doesn't match image C:\Users\admin\Desktop\GameProject1\Game\Library\ScriptAssemblies\Unity.VSCode.Editor.dll
Symbol file LoadedFromMemory is not a mono symbol file
Symbol file data-00000216C4AC2710 doesn't match image C:\Users\admin\Desktop\GameProject1\Game\Library\ScriptAssemblies\UnityEditor.TestRunner.dll
Symbol file LoadedFromMemory is not a mono symbol file
Symbol file data-000002170A314010 doesn't match image C:\Users\admin\Desktop\GameProject1\Game\Library\ScriptAssemblies\Unity.VisualScripting.Flow.dll
Symbol file LoadedFromMemory is not a mono symbol file
Symbol file data-000002170B6D2020 doesn't match image C:\Users\admin\Desktop\GameProject1\Game\Library\ScriptAssemblies\Unity.VisualScripting.Flow.Editor.dll
Symbol file LoadedFromMemory is not a mono symbol file
- Loaded All Assemblies, in  0.489 seconds
Refreshing native plugins compatible for Editor in 6.49 ms, found 3 plugins.
Native extension for WindowsStandalone target not found
Mono: successfully reloaded assembly
- Finished resetting the current domain, in  1.254 seconds
Domain Reload Profiling: 1739ms
	BeginReloadAssembly (161ms)
		ExecutionOrderSort (0ms)
		DisableScriptedObjects (4ms)
		BackupInstance (0ms)
		ReleaseScriptingObjects (0ms)
		CreateAndSetChildDomain (33ms)
	RebuildCommonClasses (33ms)
	RebuildNativeTypeToScriptingClass (14ms)
	initialDomainReloadingComplete (34ms)
	LoadAllAssembliesAndSetupDomain (242ms)
		LoadAssemblies (321ms)
		RebuildTransferFunctionScriptingTraits (0ms)
		AnalyzeDomain (13ms)
			TypeCache.Refresh (5ms)
				TypeCache.ScanAssembly (0ms)
			ScanForSourceGeneratedMonoScriptInfo (0ms)
			ResolveRequiredComponents (5ms)
	FinalizeReload (1255ms)
		ReleaseScriptCaches (0ms)
		RebuildScriptCaches (0ms)
		SetupLoadedEditorAssemblies (459ms)
			LogAssemblyErrors (0ms)
			InitializePlatformSupportModulesInManaged (10ms)
			SetLoadedEditorAssemblies (3ms)
			RefreshPlugins (0ms)
			BeforeProcessingInitializeOnLoad (78ms)
			ProcessInitializeOnLoadAttributes (326ms)
			ProcessInitializeOnLoadMethodAttributes (24ms)
			AfterProcessingInitializeOnLoad (18ms)
			EditorAssembliesLoaded (0ms)
		ExecutionOrderSort2 (0ms)
		AwakeInstancesAfterBackupRestoration (23ms)
Refreshing native plugins compatible for Editor in 5.61 ms, found 3 plugins.
Preloading 0 native plugins for Editor in 0.00 ms.
Unloading 3128 Unused Serialized files (Serialized files now loaded: 0)
Unloading 25 unused Assets / (31.6 KB). Loaded Objects now: 3631.
Memory consumption went from 145.8 MB to 145.7 MB.
Total: 3.070300 ms (FindLiveObjects: 0.351500 ms CreateObjectMapping: 0.072300 ms MarkObjects: 2.593500 ms  DeleteObjects: 0.051900 ms)

Prepare: number of updated asset objects reloaded= 0
AssetImportParameters requested are different than current active one (requested -> active):
  custom:container-demuxer-ogg: 62fdf1f143b41e24485cea50d1cbac27 -> 
  custom:video-decoder-ogg-theora: a1e56fd34408186e4bbccfd4996cb3dc -> 
  custom:framework-win-MediaFoundation: 216162199b28c13a410421893ffa2e32 -> 
  custom:CustomObjectIndexerAttribute: 9a22284fe3817be447336de3de66b15e -> 
  custom:container-demuxer-webm: 4f35f7cbe854078d1ac9338744f61a02 -> 
  custom:container-muxer-webm: aa71ff27fc2769a1b78a27578f13a17b -> 
  custom:video-decoder-webm-vp8: 9c59270c3fd7afecdb556c50c9e8de78 -> 
  custom:SearchIndexIgnoredProperties: e643bd26f0fe6173181afceb89e7c659 -> 
  custom:AudioImporter_EditorPlatform: d09bf68614088b80899f8185d706f6e7 -> 
  custom:video-encoder-webm-vp8: eb34c28f22e8b96e1ab97ce403110664 -> 
  custom:audio-decoder-ogg-vorbis: bf7c407c2cedff20999df2af8eb42d56 -> 
  custom:audio-encoder-webm-vorbis: bf7c407c2cedff20999df2af8eb42d56 -> 
========================================================================
Received Prepare
Begin MonoManager ReloadAssembly
Symbol file data-00000216E83D1840 doesn't match image C:\Users\admin\Desktop\GameProject1\Game\Library\ScriptAssemblies\Unity.Timeline.dll
Symbol file LoadedFromMemory is not a mono symbol file
Symbol file data-0000021714025020 doesn't match image C:\Users\admin\Desktop\GameProject1\Game\Library\ScriptAssemblies\Unity.TestTools.CodeCoverage.Editor.OpenCover.Mono.Reflection.dll
Symbol file LoadedFromMemory is not a mono symbol file
Symbol file data-000002170AA72030 doesn't match image C:\Users\admin\Desktop\GameProject1\Game\Library\ScriptAssemblies\UnityEngine.UI.dll
Symbol file LoadedFromMemory is not a mono symbol file
Symbol file data-00000217753FE010 doesn't match image C:\Users\admin\Desktop\GameProject1\Game\Library\ScriptAssemblies\Unity.EditorCoroutines.Editor.dll
Symbol file LoadedFromMemory is not a mono symbol file
Symbol file data-0000021714025020 doesn't match image C:\Users\admin\Desktop\GameProject1\Game\Library\ScriptAssemblies\Unity.VisualScripting.SettingsProvider.Editor.dll
Symbol file LoadedFromMemory is not a mono symbol file
Symbol file data-0000021714872810 doesn't match image C:\Users\admin\Desktop\GameProject1\Game\Library\ScriptAssemblies\Unity.Performance.Profile-Analyzer.Editor.dll
Symbol file LoadedFromMemory is not a mono symbol file
Symbol file data-000002177579A010 doesn't match image C:\Users\admin\Desktop\GameProject1\Game\Library\ScriptAssemblies\Unity.TestTools.CodeCoverage.Editor.dll
Symbol file LoadedFromMemory is not a mono symbol file
Symbol file data-000002170BD0E010 doesn't match image C:\Users\admin\Desktop\GameProject1\Game\Library\ScriptAssemblies\Unity.TestTools.CodeCoverage.Editor.OpenCover.Model.dll
Symbol file LoadedFromMemory is not a mono symbol file
Symbol file data-000002170A7D2010 doesn't match image C:\Users\admin\Desktop\GameProject1\Game\Library\ScriptAssemblies\Unity.PlasticSCM.Editor.dll
Symbol file LoadedFromMemory is not a mono symbol file
Symbol file data-00000217759AE040 doesn't match image C:\Users\admin\Desktop\GameProject1\Game\Library\ScriptAssemblies\UnityEngine.TestRunner.dll
Symbol file LoadedFromMemory is not a mono symbol file
Symbol file data-00000217756B6010 doesn't match image C:\Users\admin\Desktop\GameProject1\Game\Library\ScriptAssemblies\Unity.VisualScripting.State.Editor.dll
Symbol file LoadedFromMemory is not a mono symbol file
Symbol file data-0000021713064020 doesn't match image C:\Users\admin\Desktop\GameProject1\Game\Library\ScriptAssemblies\Unity.Timeline.Editor.dll
Symbol file LoadedFromMemory is not a mono symbol file
Symbol file data-00000217146C3320 doesn't match image C:\Users\admin\Desktop\GameProject1\Game\Library\ScriptAssemblies\Unity.Settings.Editor.dll
Symbol file LoadedFromMemory is not a mono symbol file
Symbol file data-00000217766EE020 doesn't match image C:\Users\admin\Desktop\GameProject1\Game\Library\ScriptAssemblies\Unity.VisualScripting.Shared.Editor.dll
Symbol file LoadedFromMemory is not a mono symbol file
Symbol file data-00000216E83BE020 doesn't match image C:\Users\admin\Desktop\GameProject1\Game\Library\ScriptAssemblies\Unity.VisualStudio.Editor.dll
Symbol file LoadedFromMemory is not a mono symbol file
Symbol file data-0000021714656EB0 doesn't match image C:\Users\admin\Desktop\GameProject1\Game\Library\ScriptAssemblies\Unity.CollabProxy.Editor.dll
Symbol file LoadedFromMemory is not a mono symbol file
Symbol file data-0000021713B2A010 doesn't match image C:\Users\admin\Desktop\GameProject1\Game\Library\ScriptAssemblies\Unity.TextMeshPro.dll
Symbol file LoadedFromMemory is not a mono symbol file
Symbol file data-000002170C073040 doesn't match image C:\Users\admin\Desktop\GameProject1\Game\Library\ScriptAssemblies\Unity.VisualScripting.Core.dll
Symbol file LoadedFromMemory is not a mono symbol file
Symbol file data-0000021713A8C010 doesn't match image C:\Users\admin\Desktop\GameProject1\Game\Library\ScriptAssemblies\Unity.TextMeshPro.Editor.dll
Symbol file LoadedFromMemory is not a mono symbol file
Symbol file data-000002171458EA20 doesn't match image C:\Users\admin\Desktop\GameProject1\Game\Library\ScriptAssemblies\UnityEditor.UI.dll
Symbol file LoadedFromMemory is not a mono symbol file
Symbol file data-00000217754CF080 doesn't match image C:\Users\admin\Desktop\GameProject1\Game\Library\ScriptAssemblies\Unity.VisualScripting.Core.Editor.dll
Symbol file LoadedFromMemory is not a mono symbol file
Symbol file data-000002171458EA20 doesn't match image C:\Users\admin\Desktop\GameProject1\Game\Library\ScriptAssemblies\Unity.Rider.Editor.dll
Symbol file LoadedFromMemory is not a mono symbol file
Symbol file data-000002170BD0E010 doesn't match image C:\Users\admin\Desktop\GameProject1\Game\Library\ScriptAssemblies\Unity.VisualScripting.State.dll
Symbol file LoadedFromMemory is not a mono symbol file
Symbol file data-000002170BD0E010 doesn't match image C:\Users\admin\Desktop\GameProject1\Game\Library\ScriptAssemblies\Unity.VSCode.Editor.dll
Symbol file LoadedFromMemory is not a mono symbol file
Symbol file data-000002170BE2BC60 doesn't match image C:\Users\admin\Desktop\GameProject1\Game\Library\ScriptAssemblies\UnityEditor.TestRunner.dll
Symbol file LoadedFromMemory is not a mono symbol file
Symbol file data-0000021713B2A010 doesn't match image C:\Users\admin\Desktop\GameProject1\Game\Library\ScriptAssemblies\Unity.VisualScripting.Flow.dll
Symbol file LoadedFromMemory is not a mono symbol file
Symbol file data-0000021714872810 doesn't match image C:\Users\admin\Desktop\GameProject1\Game\Library\ScriptAssemblies\Unity.VisualScripting.Flow.Editor.dll
Symbol file LoadedFromMemory is not a mono symbol file
- Loaded All Assemblies, in  0.508 seconds
Refreshing native plugins compatible for Editor in 6.28 ms, found 3 plugins.
Native extension for WindowsStandalone target not found
Mono: successfully reloaded assembly
- Finished resetting the current domain, in  1.147 seconds
Domain Reload Profiling: 1650ms
	BeginReloadAssembly (163ms)
		ExecutionOrderSort (0ms)
		DisableScriptedObjects (6ms)
		BackupInstance (0ms)
		ReleaseScriptingObjects (0ms)
		CreateAndSetChildDomain (31ms)
	RebuildCommonClasses (34ms)
	RebuildNativeTypeToScriptingClass (12ms)
	initialDomainReloadingComplete (37ms)
	LoadAllAssembliesAndSetupDomain (256ms)
		LoadAssemblies (333ms)
		RebuildTransferFunctionScriptingTraits (0ms)
		AnalyzeDomain (15ms)
			TypeCache.Refresh (6ms)
				TypeCache.ScanAssembly (0ms)
			ScanForSourceGeneratedMonoScriptInfo (0ms)
			ResolveRequiredComponents (8ms)
	FinalizeReload (1147ms)
		ReleaseScriptCaches (0ms)
		RebuildScriptCaches (0ms)
		SetupLoadedEditorAssemblies (370ms)
			LogAssemblyErrors (0ms)
			InitializePlatformSupportModulesInManaged (8ms)
			SetLoadedEditorAssemblies (3ms)
			RefreshPlugins (0ms)
			BeforeProcessingInitializeOnLoad (69ms)
			ProcessInitializeOnLoadAttributes (260ms)
			ProcessInitializeOnLoadMethodAttributes (18ms)
			AfterProcessingInitializeOnLoad (11ms)
			EditorAssembliesLoaded (0ms)
		ExecutionOrderSort2 (0ms)
		AwakeInstancesAfterBackupRestoration (18ms)
Refreshing native plugins compatible for Editor in 5.62 ms, found 3 plugins.
Preloading 0 native plugins for Editor in 0.00 ms.
Unloading 3129 Unused Serialized files (Serialized files now loaded: 0)
Unloading 25 unused Assets / (31.6 KB). Loaded Objects now: 3634.
Memory consumption went from 148.0 MB to 147.9 MB.
Total: 2.717300 ms (FindLiveObjects: 0.328200 ms CreateObjectMapping: 0.079100 ms MarkObjects: 2.245800 ms  DeleteObjects: 0.063400 ms)

Prepare: number of updated asset objects reloaded= 0
AssetImportParameters requested are different than current active one (requested -> active):
  custom:container-demuxer-ogg: 62fdf1f143b41e24485cea50d1cbac27 -> 
  custom:video-decoder-ogg-theora: a1e56fd34408186e4bbccfd4996cb3dc -> 
  custom:framework-win-MediaFoundation: 216162199b28c13a410421893ffa2e32 -> 
  custom:CustomObjectIndexerAttribute: 9a22284fe3817be447336de3de66b15e -> 
  custom:container-demuxer-webm: 4f35f7cbe854078d1ac9338744f61a02 -> 
  custom:container-muxer-webm: aa71ff27fc2769a1b78a27578f13a17b -> 
  custom:video-decoder-webm-vp8: 9c59270c3fd7afecdb556c50c9e8de78 -> 
  custom:SearchIndexIgnoredProperties: e643bd26f0fe6173181afceb89e7c659 -> 
  custom:AudioImporter_EditorPlatform: d09bf68614088b80899f8185d706f6e7 -> 
  custom:video-encoder-webm-vp8: eb34c28f22e8b96e1ab97ce403110664 -> 
  custom:audio-decoder-ogg-vorbis: bf7c407c2cedff20999df2af8eb42d56 -> 
  custom:audio-encoder-webm-vorbis: bf7c407c2cedff20999df2af8eb42d56 -> 
========================================================================
Received Prepare
Begin MonoManager ReloadAssembly
Symbol file data-00000216E83D1840 doesn't match image C:\Users\admin\Desktop\GameProject1\Game\Library\ScriptAssemblies\Unity.Timeline.dll
Symbol file LoadedFromMemory is not a mono symbol file
Symbol file data-00000216E8812050 doesn't match image C:\Users\admin\Desktop\GameProject1\Game\Library\ScriptAssemblies\Unity.TestTools.CodeCoverage.Editor.OpenCover.Mono.Reflection.dll
Symbol file LoadedFromMemory is not a mono symbol file
Symbol file data-000002170B774030 doesn't match image C:\Users\admin\Desktop\GameProject1\Game\Library\ScriptAssemblies\UnityEngine.UI.dll
Symbol file LoadedFromMemory is not a mono symbol file
Symbol file data-0000021714656EB0 doesn't match image C:\Users\admin\Desktop\GameProject1\Game\Library\ScriptAssemblies\Unity.EditorCoroutines.Editor.dll
Symbol file LoadedFromMemory is not a mono symbol file
Symbol file data-00000216E8812050 doesn't match image C:\Users\admin\Desktop\GameProject1\Game\Library\ScriptAssemblies\Unity.VisualScripting.SettingsProvider.Editor.dll
Symbol file LoadedFromMemory is not a mono symbol file
Symbol file data-0000021713E40010 doesn't match image C:\Users\admin\Desktop\GameProject1\Game\Library\ScriptAssemblies\Unity.Performance.Profile-Analyzer.Editor.dll
Symbol file LoadedFromMemory is not a mono symbol file
Symbol file data-000002177579A010 doesn't match image C:\Users\admin\Desktop\GameProject1\Game\Library\ScriptAssemblies\Unity.TestTools.CodeCoverage.Editor.dll
Symbol file LoadedFromMemory is not a mono symbol file
Symbol file data-000002170C0AE010 doesn't match image C:\Users\admin\Desktop\GameProject1\Game\Library\ScriptAssemblies\Unity.TestTools.CodeCoverage.Editor.OpenCover.Model.dll
Symbol file LoadedFromMemory is not a mono symbol file
Symbol file data-000002170A7D2010 doesn't match image C:\Users\admin\Desktop\GameProject1\Game\Library\ScriptAssemblies\Unity.PlasticSCM.Editor.dll
Symbol file LoadedFromMemory is not a mono symbol file
Symbol file data-0000021714001650 doesn't match image C:\Users\admin\Desktop\GameProject1\Game\Library\ScriptAssemblies\UnityEngine.TestRunner.dll
Symbol file LoadedFromMemory is not a mono symbol file
Symbol file data-00000217756B6010 doesn't match image C:\Users\admin\Desktop\GameProject1\Game\Library\ScriptAssemblies\Unity.VisualScripting.State.Editor.dll
Symbol file LoadedFromMemory is not a mono symbol file
Symbol file data-0000021713064020 doesn't match image C:\Users\admin\Desktop\GameProject1\Game\Library\ScriptAssemblies\Unity.Timeline.Editor.dll
Symbol file LoadedFromMemory is not a mono symbol file
Symbol file data-00000217146C3320 doesn't match image C:\Users\admin\Desktop\GameProject1\Game\Library\ScriptAssemblies\Unity.Settings.Editor.dll
Symbol file LoadedFromMemory is not a mono symbol file
Symbol file data-00000217766EE020 doesn't match image C:\Users\admin\Desktop\GameProject1\Game\Library\ScriptAssemblies\Unity.VisualScripting.Shared.Editor.dll
Symbol file LoadedFromMemory is not a mono symbol file
Symbol file data-00000216E83BE020 doesn't match image C:\Users\admin\Desktop\GameProject1\Game\Library\ScriptAssemblies\Unity.VisualStudio.Editor.dll
Symbol file LoadedFromMemory is not a mono symbol file
Symbol file data-00000217753FE010 doesn't match image C:\Users\admin\Desktop\GameProject1\Game\Library\ScriptAssemblies\Unity.CollabProxy.Editor.dll
Symbol file LoadedFromMemory is not a mono symbol file
Symbol file data-000002170A475030 doesn't match image C:\Users\admin\Desktop\GameProject1\Game\Library\ScriptAssemblies\Unity.TextMeshPro.dll
Symbol file LoadedFromMemory is not a mono symbol file
Symbol file data-0000021775A88030 doesn't match image C:\Users\admin\Desktop\GameProject1\Game\Library\ScriptAssemblies\Unity.VisualScripting.Core.dll
Symbol file LoadedFromMemory is not a mono symbol file
Symbol file data-0000021713A8C010 doesn't match image C:\Users\admin\Desktop\GameProject1\Game\Library\ScriptAssemblies\Unity.TextMeshPro.Editor.dll
Symbol file LoadedFromMemory is not a mono symbol file
Symbol file data-00000217756B6010 doesn't match image C:\Users\admin\Desktop\GameProject1\Game\Library\ScriptAssemblies\UnityEditor.UI.dll
Symbol file LoadedFromMemory is not a mono symbol file
Symbol file data-0000021713AB6010 doesn't match image C:\Users\admin\Desktop\GameProject1\Game\Library\ScriptAssemblies\Unity.VisualScripting.Core.Editor.dll
Symbol file LoadedFromMemory is not a mono symbol file
Symbol file data-00000217756B6010 doesn't match image C:\Users\admin\Desktop\GameProject1\Game\Library\ScriptAssemblies\Unity.Rider.Editor.dll
Symbol file LoadedFromMemory is not a mono symbol file
Symbol file data-000002170C0AE010 doesn't match image C:\Users\admin\Desktop\GameProject1\Game\Library\ScriptAssemblies\Unity.VisualScripting.State.dll
Symbol file LoadedFromMemory is not a mono symbol file
Symbol file data-000002170C0AE010 doesn't match image C:\Users\admin\Desktop\GameProject1\Game\Library\ScriptAssemblies\Unity.VSCode.Editor.dll
Symbol file LoadedFromMemory is not a mono symbol file
Symbol file data-000002170BE2BC60 doesn't match image C:\Users\admin\Desktop\GameProject1\Game\Library\ScriptAssemblies\UnityEditor.TestRunner.dll
Symbol file LoadedFromMemory is not a mono symbol file
Symbol file data-0000021713B2A010 doesn't match image C:\Users\admin\Desktop\GameProject1\Game\Library\ScriptAssemblies\Unity.VisualScripting.Flow.dll
Symbol file LoadedFromMemory is not a mono symbol file
Symbol file data-0000021713E40010 doesn't match image C:\Users\admin\Desktop\GameProject1\Game\Library\ScriptAssemblies\Unity.VisualScripting.Flow.Editor.dll
Symbol file LoadedFromMemory is not a mono symbol file
- Loaded All Assemblies, in  0.517 seconds
Refreshing native plugins compatible for Editor in 5.42 ms, found 3 plugins.
Native extension for WindowsStandalone target not found
Mono: successfully reloaded assembly
- Finished resetting the current domain, in  1.058 seconds
Domain Reload Profiling: 1570ms
	BeginReloadAssembly (169ms)
		ExecutionOrderSort (0ms)
		DisableScriptedObjects (5ms)
		BackupInstance (0ms)
		ReleaseScriptingObjects (0ms)
		CreateAndSetChildDomain (34ms)
	RebuildCommonClasses (39ms)
	RebuildNativeTypeToScriptingClass (12ms)
	initialDomainReloadingComplete (35ms)
	LoadAllAssembliesAndSetupDomain (256ms)
		LoadAssemblies (329ms)
		RebuildTransferFunctionScriptingTraits (0ms)
		AnalyzeDomain (22ms)
			TypeCache.Refresh (8ms)
				TypeCache.ScanAssembly (0ms)
			ScanForSourceGeneratedMonoScriptInfo (6ms)
			ResolveRequiredComponents (5ms)
	FinalizeReload (1058ms)
		ReleaseScriptCaches (0ms)
		RebuildScriptCaches (0ms)
		SetupLoadedEditorAssemblies (391ms)
			LogAssemblyErrors (0ms)
			InitializePlatformSupportModulesInManaged (7ms)
			SetLoadedEditorAssemblies (3ms)
			RefreshPlugins (0ms)
			BeforeProcessingInitializeOnLoad (66ms)
			ProcessInitializeOnLoadAttributes (282ms)
			ProcessInitializeOnLoadMethodAttributes (22ms)
			AfterProcessingInitializeOnLoad (11ms)
			EditorAssembliesLoaded (0ms)
		ExecutionOrderSort2 (0ms)
		AwakeInstancesAfterBackupRestoration (20ms)
Refreshing native plugins compatible for Editor in 4.75 ms, found 3 plugins.
Preloading 0 native plugins for Editor in 0.00 ms.
Unloading 3129 Unused Serialized files (Serialized files now loaded: 0)
Unloading 25 unused Assets / (31.6 KB). Loaded Objects now: 3637.
Memory consumption went from 149.9 MB to 149.8 MB.
Total: 2.555400 ms (FindLiveObjects: 0.282500 ms CreateObjectMapping: 0.076700 ms MarkObjects: 2.147200 ms  DeleteObjects: 0.048200 ms)

Prepare: number of updated asset objects reloaded= 0
AssetImportParameters requested are different than current active one (requested -> active):
  custom:container-demuxer-ogg: 62fdf1f143b41e24485cea50d1cbac27 -> 
  custom:video-decoder-ogg-theora: a1e56fd34408186e4bbccfd4996cb3dc -> 
  custom:framework-win-MediaFoundation: 216162199b28c13a410421893ffa2e32 -> 
  custom:CustomObjectIndexerAttribute: 9a22284fe3817be447336de3de66b15e -> 
  custom:container-demuxer-webm: 4f35f7cbe854078d1ac9338744f61a02 -> 
  custom:container-muxer-webm: aa71ff27fc2769a1b78a27578f13a17b -> 
  custom:video-decoder-webm-vp8: 9c59270c3fd7afecdb556c50c9e8de78 -> 
  custom:SearchIndexIgnoredProperties: e643bd26f0fe6173181afceb89e7c659 -> 
  custom:AudioImporter_EditorPlatform: d09bf68614088b80899f8185d706f6e7 -> 
  custom:video-encoder-webm-vp8: eb34c28f22e8b96e1ab97ce403110664 -> 
  custom:audio-decoder-ogg-vorbis: bf7c407c2cedff20999df2af8eb42d56 -> 
  custom:audio-encoder-webm-vorbis: bf7c407c2cedff20999df2af8eb42d56 -> 
