{"cameraMode":{"drawMode":0,"name":"Shaded","section":"Shading Mode"},"sceneLighting":true,"audioPlay":false,"sceneViewState":{"m_AlwaysRefresh":false,"showFog":true,"showSkybox":true,"showFlares":true,"showImageEffects":true,"showParticleSystems":true,"showVisualEffectGraphs":true,"m_FxEnabled":true},"in2DMode":false,"pivot":{"x":-2.3062496185302736,"y":-1.576380729675293,"z":-3.5535261631011965},"rotation":{"x":-0.06613843142986298,"y":0.9307141900062561,"z":-0.21154795587062837,"w":-0.29096564650535586},"size":2.806119203567505,"orthographic":true}