{"cameraMode":{"drawMode":0,"name":"Shaded","section":"Shading Mode"},"sceneLighting":true,"audioPlay":false,"sceneViewState":{"m_AlwaysRefresh":false,"showFog":true,"showSkybox":true,"showFlares":true,"showImageEffects":true,"showParticleSystems":true,"showVisualEffectGraphs":true,"m_FxEnabled":true},"in2DMode":false,"pivot":{"x":-0.3027454614639282,"y":-0.10326968133449555,"z":-7.373621940612793},"rotation":{"x":-0.02687237598001957,"y":0.9724288582801819,"z":-0.14398536086082459,"w":-0.1814771294593811},"size":7.037355422973633,"orthographic":true}