{"cameraMode":{"drawMode":0,"name":"Shaded","section":"Shading Mode"},"sceneLighting":false,"audioPlay":false,"sceneViewState":{"m_AlwaysRefresh":false,"showFog":true,"showSkybox":false,"showFlares":true,"showImageEffects":true,"showParticleSystems":true,"showVisualEffectGraphs":true,"m_FxEnabled":true},"in2DMode":false,"pivot":{"x":0.3398117423057556,"y":0.793166995048523,"z":0.046092689037323},"rotation":{"x":-0.037289924919605258,"y":0.9534160494804382,"z":-0.13241277635097505,"w":-0.26849067211151125},"size":7.871495246887207,"orthographic":true}